,Open,Adj Close,Volume,High,Low
Mean,414.06349331501883,414.4300284608906,59990296.3060089,415.9449715348715,412.54989014125795
Variance,6644.193226036211,6657.082895723368,1.0411781754839798e+17,5609.905956261539,6437.289083785542
Skewness,-0.9229318588736898,-0.9059911698419338,1.681995032993271,-0.9019344020448452,-0.9913052179596731
Kurtosis,1.3477568005556186,1.3415272866109866,12.938201479810248,1.806243364672536,2.2442191439128845
Shape,9.716588353152656e-06,9.72600815696493e-06,1.0253472583119716,4.545820174291152e-06,6.549971343184331e-07
Location,-8388568.087313015,-8388567.646229574,-9674867.596863667,-16476139.686865414,-120205292.60459219
Scale,8388982.150410319,8388982.075861253,125239787.5428882,16476555.631666707,120205705.66643083
