,Open,Adj Close,Volume,High,Low
Mean,4.536584205903139,4.541870147932674,1471.745650333704,4.607796449687271,4.462506716137066
Variance,7.464007262308841,7.473897015522367,88762195.07770506,7.292769476311417,6.933580688384303
Skewness,0.8226831315226489,0.7375545781650559,1.1229482843963547,1.6790459584501163,0.416928004636284
Kurtosis,4.8881628829536,4.694436338511371,4.207298047969941,12.869820835599693,3.5997828917073997
Shape,0.26377858129510423,0.26654335484126424,0.8266516977314974,0.27016752333344335,0.2388079275661535
Location,-4.185301177479996,-3.931562770408943,-812.1015684661784,-3.677516034012554,-4.83719397434279
Scale,8.659279316550315,8.444318116210201,6177.943185406016,8.181570074362568,9.277333300437233
