,Open,Adj Close,Volume,High,Low
Mean,4.321188152929443,4.323930351994009,16664.446636628993,4.397433091348997,4.237704678922018
Variance,9.001674027090964,11.525769803710698,15323551148.42021,7.177874019881874,11.247177672516134
Skewness,-1.5232392571059643,-6.156715118273963,4.217504345385719,1.1115089117222783,-7.17109171550981
Kurtosis,31.4905030679762,121.27177690543725,59.7533101325005,7.907434569518703,142.072628609405
Shape,0.28678444528893476,0.2792617417658269,0.9354602497376259,0.2760401552019291,0.26491997915718324
Location,-3.5971238348678782,-3.799491510653871,-5852.123526806332,-3.590815400480561,-3.910907689452796
Scale,7.88206207069712,8.114544713962928,59454.290998366836,7.912736325476176,8.176260398381247
