,Open,Adj Close,Volume,High,Low
Mean,8.181973079613304,8.181810379712248,692.1639089366596,8.223112047004458,8.139631053178602
Variance,4.781329251502105,4.965914541146264,50851970.28501959,4.640014995937547,4.814727697637997
Skewness,-0.15631486006409365,-0.1631653350963116,1.9637731487545922,-0.06171444232569816,-0.23284462411506865
Kurtosis,1.3410714137325987,0.896003789142418,4.964983498079675,1.2584501270827761,1.2034045353820417
Shape,0.013696992146327185,2.0912821628944576e-06,1.0285671205815043,0.015847799017119905,1.6372749306336795e-05
Location,-147.00632826451314,-1048575.7958675494,-610.4251633001631,-125.21684983013748,-131071.11897859289
Scale,155.20338613707116,1048583.9966642284,5767.19178509066,133.44263283681448,131079.2801276224
