,Open,Adj Close,Volume,High,Low
Mean,9.493878019617478,9.248913339858651,195393.48897361028,9.596232266328915,9.390853851020676
Variance,13.426513500494055,13.071888168309584,1848840941169.6816,12.08835193346439,12.837922805150336
Skewness,-0.0315044827961562,0.05560688090303455,2.835551678199072,0.11604761068564284,-0.1417737431134561
Kurtosis,0.9298620469495673,0.6267136584214659,20.205025831911875,0.6005053375881202,0.8524158979861358
Shape,0.04103199039816127,0.06251728764175629,0.9540193888528934,0.0526127125399515,0.0360514624906774
Location,-77.08857855877362,-46.98129975919641,-74934.17639746761,-55.47364442089314,-85.51981979396349
Scale,86.57588337730894,56.18251516744325,722907.8140288983,65.01423166982764,94.94913228947273
