,Open,Adj Close,Volume,High,Low
Mean,11.249720710769667,11.281989929643766,604702.1636548957,11.417185111028616,11.117669480739671
Variance,52.63144617138474,51.97914906767838,35355010828928.36,50.945365107896244,48.68363816994397
Skewness,0.35892777626556277,0.27755575241788083,2.6331545628948296,0.4812030374356554,0.10025910712636825
Kurtosis,2.612389281344398,2.7928778232907954,13.617524013855299,3.084627196185499,2.3357258532163545
Shape,0.24309616698344522,0.236719974200212,1.3017201339114333,0.2615118032198391,0.19812490310386927
Location,-12.806027908797954,-13.121507747555407,-89580.64034306766,-10.541395938627735,-17.490260728620264
Scale,24.31458742231287,24.67590765331616,2263193.6197271417,22.113075987020277,28.970571253952148
