,Open,Adj Close,Volume,High,Low
Mean,3.057118649575902,2.866259886289932,1155235.260841254,3.088800289109857,3.023714898370229
Variance,2.7854586144815454,2.1977859018045267,44608017334212.414,2.6729950665573297,2.618037105228917
Skewness,0.4108553150996246,0.12316370712942173,2.399321482789256,0.3997340334307516,0.19448234657350685
Kurtosis,1.223703519864241,0.5050026097086109,14.270826706940763,0.9607486242345407,0.6654081736039594
Shape,0.20631338719895254,0.15541863170841705,1.0638399596818884,0.21903199461583345,0.1775644617238405
Location,-4.4954893274703345,-6.073550827085752,-230853.33100375888,-3.8080590778458916,-5.409753231772935
Scale,7.471766128870262,8.897830595225713,3337708.9421548955,6.82432855671667,8.389288381602091
