,Open,Adj Close,Volume,High,Low
Mean,9.328224655668498,8.874593769647738,73269.10929816996,9.40981743621187,9.23899790759835
Variance,16.122118740105268,13.738182113814542,499278466627.35175,16.175790358766665,15.64014108911145
Skewness,-0.1490643785676663,-0.3292287297516139,4.731074999509176,0.3999247011395731,-0.4634115504475714
Kurtosis,2.139239604015809,3.29589132454183,43.23243625212168,3.8804650596087154,3.3050055887924072
Shape,0.07830107678585152,0.07895198511142544,1.2092434787775312,0.13256582391822389,0.06291093680293075
Location,-38.58648204914913,-33.61045040727646,-11040.806186027996,-18.718547213809217,-47.889131272261785
Scale,47.90866380957683,42.54299891516021,261311.00330854775,28.02206501389475,57.194666828908446
