,Open,Adj Close,Volume,High,Low
Mean,10.780563366936166,10.794899176033125,239079.17105109038,11.00823250030208,10.54799228991073
Variance,72.74379846960358,70.83498834203286,6290413972119.884,67.76082904533482,68.88064248751411
Skewness,-0.06216224961416556,0.038328055475220085,4.360132715449473,0.1184313971327968,-0.1300939435612172
Kurtosis,0.7981447487769544,0.9683745420384171,39.28832998428294,0.8707789483707375,0.8597799416325951
Shape,0.3114638127048553,0.3197893233181325,1.1822840794927734,0.32180017088539803,0.3154122407676906
Location,-10.376228552208364,-9.858403120596199,-50334.34615522822,-9.552958341084736,-9.122241248936964
Scale,21.63541959422675,20.977082148079205,1005424.9553355464,20.717071296470223,20.287020821543372
