,Open,Adj Close,Volume,High,Low
Mean,2.8835360220614668,2.7971606035930963,242296.64930224424,2.9196679226491065,2.851898383696422
Variance,2.22748593336503,2.2135651355907537,9377140306231.021,2.2540134068727564,2.2054366203654867
Skewness,0.6126725282707414,1.0042606002424332,5.797395133237042,1.2865347113392906,0.4793775034716494
Kurtosis,3.6500053739606724,7.168212084652378,69.60295298381399,10.014521312184195,3.7737868936264682
Shape,0.19261450836044758,0.23610188888502348,1.2293581468158563,0.2076346686126303,0.1889093422397475
Location,-4.123800240941765,-2.7109081444382364,-37478.12333473132,-3.5894761878893977,-4.137410270609123
Scale,6.956508872240925,5.446456588963127,899260.5595316894,6.4299727158970486,6.955578383216815
