,Open,Adj Close,Volume,High,Low
Mean,3.018666872037325,2.91764484395367,393691.5907610782,3.0583924240541682,2.979155177067293
Variance,2.524588786110794,2.2384863385358242,10653286299413.049,2.369596759719305,2.402728899796323
Skewness,0.38914777603108985,0.23763864332160015,3.724939515272783,0.5495280023952709,0.1520161306238638
Kurtosis,1.0363063713774032,0.8021686738102183,28.44316993372172,1.2351818037416304,1.0206107740084907
Shape,0.21122881040289063,0.1792684659360842,1.190577021694847,0.20278581167874343,0.1942133274721543
Location,-4.029235746890193,-4.827755073249742,-61828.448600991185,-4.116863541031519,-4.245636591212928
Scale,6.957522426498866,7.696415456363172,1228892.3497400903,7.08427324915502,7.185800903170416
