,Open,Adj Close,Volume,High,Low
Mean,5.124013521514633,5.122497429255477,177147.65163681842,5.180770117074917,5.064202169734795
Variance,6.711856603752509,6.720065332246279,1609244155183.6995,6.247429783863174,6.46128235690496
Skewness,-0.2347473886287016,-0.24816527069802494,3.269297517337591,-0.1312921088776753,-0.3189227447025655
Kurtosis,1.4955998217672573,1.7276642440963865,25.773401824430124,1.2755772374127705,1.795306486741553
Shape,0.10810564023290234,0.15069204839744385,1.1572032578842202,0.13072346437134183,0.12296694396201438
Location,-16.62745716571513,-10.105581840436487,-27695.723384471694,-12.142840383228146,-13.310776302678464
Scale,21.77837327621648,15.249208690700742,515101.89750352915,17.329569489555254,18.416968795266268
