,Open,Adj Close,Volume,High,Low
Mean,7.491314300833637,7.498467574564219,148456.14582554757,7.616947371300074,7.371448093190522
Variance,29.036369912187553,29.68011715991714,2198879827999.3953,28.71943482120507,28.60380589127635
Skewness,-0.03530916626045992,0.0032328019507230636,4.011706539214764,0.14222565365461093,-0.18049455878666135
Kurtosis,1.3560547383225785,2.3634526312560498,31.208572706588264,1.7364184351767085,1.5531696854367674
Shape,0.28503065847107345,0.315157137051865,1.2346005984462234,0.29940763971180984,0.2817299344781826
Location,-7.890529795202167,-6.227575649542636,-18961.841080839997,-7.101458743264259,-7.564107346850132
Scale,15.467255101669288,13.773122231883544,520286.7424818968,14.711788656481247,15.12946876025297
