,Open,Adj Close,Volume,High,Low
Mean,2.0447253194743276,2.007283253803002,898601.1993035546,2.0808624966623532,2.0109936506994135
Variance,1.9585116510969967,1.8519627726394496,33027238661461.055,1.919463001734386,1.8583955828678023
Skewness,0.058769484933401055,0.19638988863354373,1.2332971515371611,0.15976612628151032,0.04470173072305443
Kurtosis,0.5682310332511018,0.34277997254305737,3.293298835611801,0.45493094191065886,0.3863567025415482
Shape,0.3068688343454554,0.2986757552861137,0.9868534446957569,0.3160899492937518,0.29269495432094883
Location,-1.8024099304196592,-1.8921785041147592,-322728.69756961777,-1.6569061125218303,-1.9256006658124611
Scale,3.8316474650796013,3.885525261925807,3372120.3472189126,3.705649837321163,3.9289670183009844
