,Open,Adj Close,Volume,High,Low
Mean,5.459064170998397,5.18387361052197,258301.82506508537,5.517410716581017,5.399399614352138
Variance,11.927100295781518,10.278150818387795,3851732207087.9336,11.356941760248171,11.905673774592263
Skewness,-0.21434201714263262,-0.3855777943877638,2.868009705243265,-0.11162332740430675,-0.39151820539135124
Kurtosis,0.8870202862435166,2.650289133670161,21.141397081119713,0.7943945399816834,2.685733486217347
Shape,0.2419899193606399,0.2176101845042324,1.0510451696452079,0.22370535853857165,0.26279225922033705
Location,-7.247778242611982,-7.796404710098303,-62891.7675724685,-8.069516058166268,-6.120636833631985
Scale,12.618837335883574,12.950287628428912,945052.418594044,13.492911576489258,11.4088874554124
