,Open,Adj Close,Volume,High,Low
Mean,1.1489988998520253,1.1509232911027378,234213.16073598235,1.166289587493059,1.1343190995345986
Variance,0.3496639326526837,0.3442301455189341,4840951896836.76,0.3395708774604279,0.3283637987071792
Skewness,0.3546244224815608,0.3562498219876317,3.714037139235517,0.4614261177539511,0.2119113262052875
Kurtosis,0.5653557659705579,0.5982893672022858,31.774531920346746,0.6144795647745314,0.39468878445441113
Shape,0.1947071752429655,0.18606451755850872,1.1435042146254344,0.20696553158603478,0.17511734632774265
Location,-1.7242924827920483,-1.8430052414724998,-42686.610179789604,-1.5219036085242703,-1.9106129731215362
Scale,2.8430115877722724,2.964558501854497,879703.5331181618,2.6496768444486016,3.0292269943721273
