,Open,Adj Close,Volume,High,Low
Mean,2.1527472556298366,2.155916928689313,288756.77719953464,2.226107039341138,2.0850833176929457
Variance,18.464583225822615,17.8829652799389,15085784950870.473,18.884780885918413,16.226425772450007
Skewness,1.412715715877335,1.6769280539046676,5.699367134590008,1.740939971258423,1.2462606929515025
Kurtosis,8.362255844384904,8.147825965206968,52.38958513093044,7.36675419149797,6.6986049530236595
Shape,1.1982540435438898,1.1365251329775832,1.3659929876958663,1.1995078391562004,1.1981964881981075
Location,-0.04936741544657949,-0.06254804543685902,-11853.157729581726,-0.05910971688531423,-0.03739244372004944
Scale,1.6278045682395494,1.7594972450441593,955356.623737888,1.6489222180046068,1.5723753125066937
