,Open,Adj Close,Volume,High,Low
Mean,3.667644096895829,3.661142285467268,236400.85905699144,3.795439608670309,3.5426069153403943
Variance,41.825047728307005,39.575276441677424,7544149079332.45,42.7425972902523,34.58047363866258
Skewness,2.64378388538837,2.704327286225077,3.425884040047441,3.608202735990409,2.198385743973184
Kurtosis,15.989109285916967,15.687007415416275,23.20603000457461,25.90395700139704,10.605320835643745
Shape,0.9271738591566279,0.9479569390841525,1.3837434279142988,0.967950905571986,0.8967570859650076
Location,-0.1759289416206258,-0.15439549651800694,-20052.020539685476,-0.17139275769264103,-0.23093773548366697
Scale,3.2518966393461786,3.128709841771756,849659.1024563976,3.117602801393487,3.225828300358005
