,Open,Adj Close,Volume,High,Low
Mean,6.692721731358794,6.697642206969936,1756204.108852329,6.769008714203233,6.623290822547902
Variance,8.318494752931223,8.438333777008252,138743754083181.89,7.8393652300755505,7.944529986396877
Skewness,0.030089693581934304,-0.10738959693095734,1.8879707049144228,0.10518029051814806,-0.07554506990364697
Kurtosis,0.9098721614699001,0.3346790260285064,6.432121057446693,0.9037395943812454,0.32756692195549686
Shape,0.0697752021530261,0.04855610925691757,1.1143086097191894,0.08056278029404045,0.06667027499474162
Location,-32.68005008680694,-49.90763061332122,-382227.02757533034,-26.761832082409242,-33.40806878905417
Scale,39.37413110625639,56.65380923248922,6121285.302847919,33.485726706908316,40.04830151118948
