,Open,Adj Close,Volume,High,Low
Mean,18.953671334364763,18.191320271742438,140249.2835786929,19.156851104396335,18.757300658863524
Variance,66.7249202867572,59.76256509917309,1384054880281.726,64.27612750653145,63.070920947677145
Skewness,-0.03985945357079167,0.03372831106019471,3.245163660900589,0.07292587495733072,-0.04089965012541519
Kurtosis,-0.12284268260872855,0.08752373259622193,21.512830783267365,-0.011460142831105191,0.0895490707345985
Shape,0.054669054982577625,0.08000025999789438,1.1758019351710278,0.07279361056344381,0.06780367289136316
Location,-125.36134350998287,-75.07061561340248,-15899.598219943495,-88.46158481210081,-93.81518154067344
Scale,144.3022927243247,93.15486918883468,496303.3650450168,107.46083431746325,112.52126847321057
