,Open,Adj Close,Volume,High,Low
Mean,2.112557860984781,2.0547053926425183,109290.63375752472,2.1440788951107685,2.0802200278018432
Variance,1.8371348493390607,1.6838881949527535,5132334833635.99,1.8250390057351225,1.6878213244061697
Skewness,0.27887087866263377,0.48777077898273946,8.409287398862979,0.7085864604937899,0.04511383718658437
Kurtosis,1.4353010259843826,2.2667667446046362,127.32468594623893,2.815781675128431,2.29715893998185
Shape,0.2638310627775498,0.2786162926796091,1.3241780751604746,0.2994837513878836,0.24990495495408457
Location,-2.2855188858279996,-1.9590811612963437,-7593.585775968241,-1.7207354929749632,-2.333114871590397
Scale,4.387849348254615,3.9785129385588434,405740.3951738257,3.8063381402996006,4.406651368895036
