,Open,Adj Close,Volume,High,Low
Mean,1.2567006801688145,1.1823384727966513,350229.88118644396,1.2853243361830382,1.2276116174027294
Variance,2.0250793901143953,1.7335880200457672,17288814441599.059,2.0505078451905936,1.8449442945494028
Skewness,0.6038200752325712,0.520407014841859,5.865877018830786,0.8635535072738956,0.40139009210008164
Kurtosis,2.86911247949974,3.714138437728386,63.77931650851299,3.758531017368222,3.0134710662131026
Shape,0.6511020715505971,0.6103659857164264,1.3285217584777884,0.6327428600343171,0.6529803572105436
Location,-0.36329889638943547,-0.40512469309789034,-22934.764591406114,-0.3860634449689573,-0.29286372494557605
Scale,1.568353922468702,1.5640459054090634,1030903.4417302869,1.6176168694460915,1.4856052404660418
