,Open,Adj Close,Volume,High,Low
Mean,5.73783814951583,5.642714600282193,135370.62459602128,5.830887570760332,5.664523572336286
Variance,8.271104044466972,8.171513558140902,832033583602.0701,7.786930199278706,7.649534454655471
Skewness,0.03245867921307295,0.3321931085816381,1.6131625598293633,0.5347177272475339,0.08648124712085681
Kurtosis,0.8533919047934684,1.8962086563101916,6.710803591045876,2.1768543888653333,0.7441967633047666
Shape,0.12528237547938215,0.16565583882665572,1.0514048168691075,0.17097212142453735,0.09770786108920738
Location,-15.093710173722476,-9.97271215749264,-41686.36637339155,-9.622157989005627,-20.77712370486182
Scale,20.86564120272907,15.598948886604141,495433.17947073694,15.317507569994737,26.458578681331886
