,Open,Adj Close,Volume,High,Low
Mean,1.0057711339045974,0.9532034009162185,896887.8774935888,1.0292439746205317,0.9824046029512963
Variance,0.9194974233408122,0.8227161860676645,95691243795659.48,0.9831821045379089,0.8235829218060041
Skewness,1.0083783552054864,1.2904341976559792,4.4972289760735205,1.7467594333556544,0.8384086569250958
Kurtosis,3.0191360335236554,5.872996658605462,39.01123395514885,8.504839155349066,1.8099802477280607
Shape,0.5459066744886455,0.5593510479459054,1.3885639124595877,0.5771411883417386,0.5426995429257935
Location,-0.4082038110589005,-0.35404765940781613,-47759.61040785324,-0.3572872694066608,-0.39847502279992575
Scale,1.36619559864163,1.246386404291392,2471845.9258028297,1.299637188797186,1.3250116928561628
