,Open,Adj Close,Volume,High,Low
Mean,5.174264621494773,4.956526589524406,563660.675540018,5.214072197064317,5.130003670986962
Variance,2.9374013060475384,2.887796096194337,28284070273649.523,2.8176938620336354,2.760297702610589
Skewness,0.4073869256192016,0.38176982283971955,6.501729794529727,0.4678234667082724,0.31975606659354244
Kurtosis,0.28364970937121603,0.28265018016793597,90.73801011614734,0.5518222199031069,0.5025817336097931
Shape,0.136888783486421,0.1584896383245151,1.1634125096892645,0.13820953044119536,0.11195829880318371
Location,-7.199406461797077,-5.542578073302943,-65736.63545760988,-6.7688034469540606,-9.447522634151683
Scale,12.264130095016833,10.380873021348052,1712075.7450013526,11.874431442779166,14.498577594008388
