,Open,Adj Close,Volume,High,Low
Mean,1.724382237248745,1.7276060309354315,120172.19912864098,1.7556594933617788,1.6975238124081442
Variance,1.5224959079270601,1.5145562675239435,8438304607377.343,1.4965953454177943,1.4225006815544747
Skewness,0.06815857779344127,0.34484219050367665,13.012949474484566,0.5134598575049807,-0.004403790099030315
Kurtosis,2.794681148333706,1.8128876281842148,290.9859267093453,2.293560424201198,2.948395792729274
Shape,0.2861202594570827,0.288809023328207,1.316023784952182,0.3082031184773505,0.280107021424513
Location,-1.8096576567015312,-1.7712697662532564,-6700.4531917550885,-1.5151790761306017,-1.7866712046651454
Scale,3.5533290771667914,3.5183971959967946,446350.9944617185,3.269957774886727,3.5044510633012123
