,Open,Adj Close,Volume,High,Low
Mean,8.572594009224515,8.568100841093834,144804.42566325073,8.743205692218186,8.387326763679706
Variance,75.57571537106122,74.69812617804592,4136301242239.214,71.46641041954257,71.88860870920402
Skewness,0.2285768749880698,0.24441103982437207,11.156418512659249,0.3408174053715343,0.14286644658294864
Kurtosis,0.188402805821291,0.1994887425544194,209.89374882564178,-0.023482522621924407,0.1677749348526998
Shape,0.6400288266377783,0.635022791060541,1.3074673220638673,0.626783955291823,0.6168654020013146
Location,-2.3255133880256893,-2.144830689012711,-11616.216458599223,-2.281168231582372,-2.4764011877844605
Scale,10.441495469887542,10.363438625290927,436399.6772916487,10.526658689823407,10.554958459220606
