,Open,Adj Close,Volume,High,Low
Mean,1.3544405013405836,1.3594976237397707,218826.12697571283,1.384043077097405,1.3298639838975301
Variance,1.6102167136338563,1.6031568558337734,4955800278275.839,1.5696827524743453,1.5157334064776362
Skewness,0.12057705074777877,0.2754059324827679,5.1440080122905405,0.5250148760716558,0.1096463851999299
Kurtosis,0.9837795281256327,1.789464182042396,45.59409514753558,1.4019289929906487,0.9550537392663885
Shape,0.3656162254398362,0.4001493534542701,1.128433035861603,0.4167855450497657,0.4039116548946343
Location,-1.2227874084219938,-1.0666570239856474,-35284.341604807516,-0.9312999198385823,-1.0069292872064486
Scale,2.684062227412934,2.471591337441589,808330.2396929631,2.3684373212999734,2.389841531196036
