,Open,Adj Close,Volume,High,Low
Mean,4.929745635674555,4.838272919906533,578522.5995798416,4.981943070960023,4.8818687791712545
Variance,5.287676676831491,5.2081659640926405,27877427264924.207,5.115063530564412,4.967885860775524
Skewness,0.8593407674465443,0.48755730855507745,3.8088685164325717,0.9481254659726689,0.3263364040772391
Kurtosis,5.115501985104126,4.123114789346165,27.676919082805174,5.123931522238342,3.8775058798362396
Shape,0.2102503362374561,0.19389732297437723,1.3367607328994555,0.21726382020508334,0.1757267704154385
Location,-5.168094079070538,-6.141151888758203,-50404.12301480514,-4.721724175348136,-6.847056389072935
Scale,9.942902690443624,10.823575691319563,1583271.3398978037,9.528194369618816,11.616163963630509
