,Open,Adj Close,Volume,High,Low
Mean,10.21602429981918,10.231079355765718,236208.04476525486,10.377600389302724,10.067676048728034
Variance,40.24482976377764,40.33383724889026,8404664532530.779,38.43614790362644,38.57123194641493
Skewness,0.7250414556995808,0.7729020788403249,6.4086079582133335,0.8624032878056791,0.6511877879231268
Kurtosis,1.2889544877288168,1.5250617009835992,100.24995517390947,1.7385793379268408,1.2450760318121867
Shape,0.377668963835906,0.3737224773131709,1.315168639062352,0.3656629871598466,0.3621664503478028
Location,-5.070012127078959,-5.355457473662222,-13760.92985036235,-5.298056926990435,-5.5460871442687765
Scale,14.570803411002814,14.814616623740012,801968.5620636605,14.893089010488943,14.963513161775815
