,Open,Adj Close,Volume,High,Low
Mean,2.3382024947282214,2.2007894593503114,1844945.5628985346,2.361370487756567,2.3125125871588033
Variance,1.1961504209227318,1.0106981168151699,205481278437686.62,1.2088087001088594,1.083084112710863
Skewness,0.9860022510004297,1.1431579194263108,5.323749924827807,1.1720664997252834,0.7895726055732551
Kurtosis,1.9424045014537832,2.9393884946093305,57.43495179296888,2.7660956088149984,1.6093150895879385
Shape,0.2973789492967278,0.31039389708328824,1.291667820892723,0.30866763359614785,0.26944770627590603
Location,-1.1506187740097142,-0.8306530725778505,-177991.55042086748,-0.9935632195118314,-1.3383652724172688
Scale,3.350888256429945,2.900912027083591,4869275.35680204,3.208317764655583,3.54026987751726
