,Open,Adj Close,Volume,High,Low
Mean,7.689213976028402,7.4108620982300994,497200.7408264818,7.7925376603795256,7.589770678682414
Variance,18.100732158105252,16.54154940720309,16596154127495.52,17.589432628660525,16.445903544171028
Skewness,0.5275671727929553,0.6063561470338394,3.4181679109930476,0.9124687760639784,0.4977305656913597
Kurtosis,2.077938638240477,2.0319261829260284,22.282835919286256,3.2608681354964153,1.9257412207939586
Shape,0.24817130860740863,0.2471907718527276,1.226143507300204,0.2740490171877626,0.24508804252728292
Location,-7.770341122310842,-7.601075480837562,-59954.00798101034,-6.149621441127345,-7.275722999313209
Scale,15.228456919372617,14.762734716721,1523799.4898763066,13.584423170568758,14.664036030999695
