,Open,Adj Close,Volume,High,Low
Mean,2.8802692241664847,2.8816876953430577,53709.802058855166,2.936928066884259,2.8263660546904688
Variance,4.0646652203863125,3.956715497745067,227872728353.3078,3.7965167825098,3.687903909194281
Skewness,0.21845438567932002,0.12724110997783442,2.0133250253478314,0.3466678807783189,0.07339312920653124
Kurtosis,0.4807730989344652,0.681142380626802,10.906791984131154,0.5586527211475243,0.499956929806467
Shape,0.3047093700158378,0.30333473867955196,1.0343361742474744,0.30417731128915065,0.2833046218229528
Location,-2.7391337488989587,-2.7107103300626476,-19977.903126322773,-2.6635748499749887,-2.8693978260888118
Scale,5.602904031725606,5.573737294486276,254855.4238852383,5.543275063399694,5.711497980278104
