,Open,Adj Close,Volume,High,Low
Mean,1.758626515364114,1.7574054564749728,102680.17408739016,1.7935058488117739,1.7211909833467136
Variance,2.1847743617469084,2.0218094526996113,1629790440623.8079,2.0172224987329748,1.9534285007525092
Skewness,0.37290148237961923,0.16752419927455642,4.956705539395669,0.5492346105768429,0.07170607443304856
Kurtosis,1.3227054932398685,0.8032626555159501,56.148206312718436,2.0440888415716882,0.9550687048537156
Shape,0.4016106407898856,0.3855551561599021,1.1734075323585154,0.38574177770765317,0.36021692386163456
Location,-1.1179205295144679,-1.204979235277179,-16969.18088149625,-1.1769979224509157,-1.308242464223729
Scale,2.904146152687581,2.968476855383149,423676.07836601767,2.966953007766497,3.0741279364877157
