,Open,Adj Close,Volume,High,Low
Mean,2.5474754443024366,2.548754620050998,90733.0103094704,2.58459986037275,2.511954848098843
Variance,1.7458749284566621,1.7544245803166303,581218889109.4683,1.6801844251477691,1.638435580750831
Skewness,0.15100356938974221,0.1355237675047871,3.4453704239283707,0.473628846957568,-0.07142508760014665
Kurtosis,1.1488995063358445,2.1765017326147067,30.190497877293097,2.6842790417097637,1.431023145729549
Shape,0.13636604561520535,0.17076053151378162,1.1158310256182702,0.16352072358803874,0.11322628990549585
Location,-6.349395890786937,-4.444178354394314,-21947.442962683548,-4.8385690341396455,-7.816419158712542
Scale,8.896074175789227,6.975193481111864,326096.3123040088,7.374771522189428,10.338345986072785
