,Open,Adj Close,Volume,High,Low
Mean,2.3786834135578543,2.3605793047789145,172163.34096706947,2.404756651073103,2.354291506225252
Variance,1.6905730700138857,1.6501600055128245,1116944957298.6567,1.5501965147341936,1.5842824524451395
Skewness,-0.0010282277551810267,0.008939694519706338,1.4044121896620665,0.14982666213015705,-0.0366629917581631
Kurtosis,0.6058328137644864,0.5252675188557814,4.927066219341483,0.5285642549972098,0.5819792499654186
Shape,0.1505314959255895,0.12887512874351748,1.0340442998871469,0.16889420057540055,0.14543517982606458
Location,-5.424442865223666,-6.735275715249443,-49379.86728266761,-4.380661819122151,-5.4969441128071175
Scale,7.810404522354618,9.109789631177756,579421.3177388032,6.765453922486049,7.854024864682408
