,Open,Adj Close,Volume,High,Low
Mean,1.5555466643020042,1.4653192451874621,334770.12848139333,1.57634617091641,1.5354117506081146
Variance,0.9658368500500367,0.8327284595503801,6197815343233.166,0.906554226806764,0.9172580367930743
Skewness,0.1533505941597346,0.17429887939990654,1.937865987740394,0.1955599604130045,0.05039452535924025
Kurtosis,0.3854319864671987,0.2580888979551079,10.409908482464344,0.3245775028985429,0.263701723835966
Shape,0.1970251856154331,0.21452670720209296,1.0078047924434137,0.1810198778069954,0.19191207890411055
Location,-2.7899146562328405,-2.418685141761588,-131394.22555236364,-3.206743140083307,-2.9372366824590896
Scale,4.376580855511654,3.865794278855178,1382681.9358275642,4.784187604049565,4.473489162269743
