,Open,Adj Close,Volume,High,Low
Mean,13.124558660836355,13.150877086562426,103289.02457343045,13.41332301431189,12.859427779761297
Variance,140.36656147448105,140.51105882648844,1096337481918.9437,139.566989071533,133.80182524646457
Skewness,0.1358982485291429,0.2195621343134083,4.742356895453619,0.6518266774544212,0.0970602340045834
Kurtosis,1.9599507586279596,2.658318496893803,48.01212760488631,5.675502136239082,2.3309553117296113
Shape,0.4186279715647078,0.4248823002391456,1.1892605146127795,0.4120028456982509,0.41076391497979753
Location,-7.404976660433932,-6.929879057207735,-14750.341845103938,-7.624171167821864,-7.070742864669235
Scale,20.88310440497903,20.45964355826821,382465.4958610872,21.19850420512571,20.53682903025066
