,Open,Adj Close,Volume,High,Low
Mean,4.153362707779527,4.064180860852901,332684.82291853393,4.19214932488365,4.1156023909309365
Variance,2.512438009442584,2.3629905122031207,6467915226546.733,2.3274442399718667,2.3691427798587994
Skewness,-0.23690319913940644,-0.2036881896133559,3.1666751051115614,-0.02077884539398458,-0.3879856003945075
Kurtosis,0.9914234367696078,0.43836628559322266,20.987659296934428,0.8236957469108992,0.6518110948735725
Shape,0.007675574231651125,4.411447799745078e-05,1.1125255177438138,0.018566043223631867,2.2317057256360118e-05
Location,-192.7369489890055,-33491.594982047114,-44019.9054109547,-76.37899962666475,-65535.978198321274
Scale,196.93036025085215,33495.70019972783,1067797.1855806094,80.577740510115,65540.14266757635
