,Open,Adj Close,Volume,High,Low
Mean,0.9120571408552819,0.9079226941110635,448641.9159789201,0.9225893149101956,0.8905409933081687
Variance,1.1407638293434044,1.1415101530186746,12691230878807.926,1.131741766268293,1.0274964373393936
Skewness,-0.35818326686556967,-0.38532214143381605,3.141633227517988,-0.1995597313421805,-0.4750235877860193
Kurtosis,2.026028542969015,1.6520901001505566,18.427103898832083,1.7063867854095323,1.7953682530389692
Shape,0.4715585879991844,0.4570967479360943,1.0701953522612684,0.4715734138116734,0.4566853774969091
Location,-0.5233588577171384,-0.5663129608274746,-79900.57899663551,-0.5529294594571915,-0.5143391181662351
Scale,1.5421808766563034,1.5935457540395122,1617597.575867,1.5653480092826422,1.5027711418953749
