,Open,Adj Close,Volume,High,Low
Mean,2.0227559862604916,1.9273240004329424,220716.02154937547,2.053505245821536,1.9921352472110827
Variance,1.6334364516439468,1.4812178011151003,3331773577213.386,1.5645751947712025,1.6097127808961063
Skewness,-0.09629310551865077,-0.21025706987741702,6.815623139438763,0.02111433828582762,-0.23929554065535322
Kurtosis,0.12247082809454701,0.7392637195676373,104.64796320634858,0.09313755660049505,0.6383968577798176
Shape,0.14374024976919259,0.12385566978752388,1.162663490881334,0.14384525150694688,0.12005840723728621
Location,-5.816506150332254,-6.7343382784776535,-26627.793541620165,-5.765350099835077,-7.304702084373728
Scale,7.898591455262463,8.72407342038923,698180.4147764761,7.8558210356948335,9.365694780824555
