,Open,Adj Close,Volume,High,Low
Mean,2.4938509775769235,2.463206811408433,6143836.721327603,2.5500082281572385,2.4325948405149296
Variance,6.684380417287645,6.317623195473864,1072776591783695.5,5.8559683141396,6.226524340577772
Skewness,-0.18335025421681841,-0.1275721094468471,1.3555272454461966,-0.022373081366629032,-0.09062601141910845
Kurtosis,0.9998821333472732,0.46161841705898476,5.078143614337813,0.43911133179967843,0.9698516830074118
Shape,0.34322703800927373,0.34684009700627627,0.9667731154722136,0.3394443687280026,0.3527339406938395
Location,-2.6432903675093433,-2.4533773975357,-2282853.649127259,-2.61442847289344,-2.4441126319973008
Scale,5.509237539937705,5.29151989625646,20486507.181207485,5.439070553305894,5.228132758667846
