,Open,Adj Close,Volume,High,Low
Mean,8.636707186089644,8.633588035075201,113265.46580883926,8.743223434613595,8.521348960596232
Variance,19.305007067669834,19.2309704419772,1645446373308.4756,18.368526988434144,18.65521029944653
Skewness,-0.1924412223617893,-0.21281573769829484,5.847054696226581,0.06076097545866755,-0.44380916032092627
Kurtosis,1.7857044511854472,2.061170115862618,61.88082533190193,1.736689814719412,2.7518762686037768
Shape,0.1323364776213438,0.13254273545957465,1.354367043434827,0.15098541700971874,0.12734739122976002
Location,-21.099545560114972,-21.000205135623123,-8854.973056913117,-16.960353424059395,-21.030769760342057
Scale,29.747959874366153,29.637194708523154,343648.38930778427,25.64867229883855,29.6286039875914
