,Open,Adj Close,Volume,High,Low
Mean,3.0851499375279334,3.0913929312275457,508927.3151794884,3.17430487896633,2.9924101623773067
Variance,30.1421887195877,29.10222875110721,20966713150128.773,29.21418668430224,27.76231508363009
Skewness,0.9970172199083078,1.0677676987915063,4.480440858795811,1.3006281432717317,1.1259079216301353
Kurtosis,5.203999180529339,4.785958748088941,33.62056390811998,6.157261983456895,6.2623026076954496
Shape,0.9255196312863565,0.8922124846268498,1.3487810711771036,0.8975462001810836,0.9455735395594116
Location,-0.40331767904191035,-0.4201228874022204,-37601.777213244255,-0.40394185091956525,-0.31692734893366287
Scale,3.5830436812075668,3.6700071939127485,1384970.6228490386,3.6668903323819544,3.301325142633137
