,Open,Adj Close,Volume,High,Low
Mean,0.7556414443466469,0.7548505902851756,396368.7499208824,0.7688820322986725,0.7419246422110104
Variance,0.5420430946646806,0.5285757481488303,10085764862972.66,0.5337653456672475,0.5093190693984946
Skewness,0.5863898352724546,0.6065593065365432,4.535909919726022,0.8003687236533576,0.5558196947463105
Kurtosis,3.1156506722718422,3.425658938540205,52.35093692750148,4.049584954266162,3.240908663895497
Shape,0.6059693732038227,0.585690598561687,1.0373110335434346,0.5865241315992397,0.5978308181845463
Location,-0.19142146933321733,-0.21977198837686174,-86074.59352193377,-0.20616226395435477,-0.19050369556956054
Scale,0.8899606980034099,0.9233602122916766,1360704.0555393302,0.9198884368838097,0.8788668416198547
