,Open,Adj Close,Volume,High,Low
Mean,10.268149351100298,9.744963552024386,187267.46439147435,10.369363642614362,10.172092817709323
Variance,19.094987713070953,16.871529023900646,3895845826922.123,18.85881453707592,18.722118620746414
Skewness,0.5145680384843496,0.4804637681144846,4.629471475559046,0.8136221507433669,0.3473342668845763
Kurtosis,2.1678559544295695,3.390782103657722,46.108431167063806,4.398078688942696,2.396491541924851
Shape,0.15644380142098208,0.15686368114938148,1.2654783662517073,0.186571178202991,0.152792767730863
Location,-16.234454225540098,-14.464502073617965,-23179.292625245467,-11.430246203638205,-16.212174536718475
Scale,26.303156226801715,24.074752078883638,622425.853480497,21.537379606582434,26.230264534295763
