,Open,Adj Close,Volume,High,Low
Mean,0.40290580392551056,0.40296625796522123,69025.44801424314,0.40787392818054097,0.39788224141530415
Variance,0.05521731089723247,0.05748747702849352,1422636376406.247,0.059167838794292944,0.04592224200318552
Skewness,3.097506545331473,2.7661221453779947,5.274313367152684,3.4665931183290044,1.9010295493349256
Kurtosis,24.054122209095304,19.23840503755806,72.75068803225126,26.165910083751264,9.109411007466958
Shape,0.3725505326060391,0.40390135996303406,1.578353341631196,0.3841208208504573,0.3536178388083846
Location,-0.12011250168417585,-0.0808717361072067,-2317.31947080266,-0.09514608682178012,-0.12071883847389683
Scale,0.49052714401555153,0.45124891228245134,168652.13028510998,0.4698862909488328,0.4916509204093348
