,Open,Adj Close,Volume,High,Low
Mean,0.6127500141131134,0.6120498088961298,207309.65743853524,0.6267349820139259,0.5984469621113471
Variance,0.4600532026564755,0.502024199568825,7595830730879.189,0.48468611404007844,0.4539289609205542
Skewness,0.4961073115289374,0.7923975604069414,7.7301152135066875,1.110165555191376,0.1472101284152562
Kurtosis,0.4940436776358825,4.235115797311311,91.79342825065675,5.437707170043673,0.6047776841296018
Shape,0.5214614767554271,0.5309006364415683,1.3986115355018969,0.5474293843946443,0.4618487844770156
Location,-0.32252160280752423,-0.31054699857657353,-12052.252523329647,-0.301615962892956,-0.4134690555894889
Scale,0.990097462092951,0.9811864650989772,546255.742014144,0.9531688337425889,1.0916691590157752
