,Open,Adj Close,Volume,High,Low
Mean,2.1288989388354005,2.131213335890434,295990.41643711715,2.1792486434440566,2.0745645593409177
Variance,5.819016126102851,5.621193521010199,13483181852481.8,5.364365212554393,5.308081698072003
Skewness,0.03794698681684879,0.05967312889595046,5.768350584985821,0.26717033299869863,-0.10024543680544372
Kurtosis,1.0626613940149445,1.2724537567086909,72.50877016967391,1.3065952337424669,1.5065969493689728
Shape,0.6489009050413207,0.6241826186270172,1.3780185253503658,0.6236793809173266,0.6276280127513653
Location,-0.6099311960366516,-0.6899993318724705,-20315.207620245197,-0.7038256590095353,-0.6719221648098828
Scale,2.727427678100335,2.8209296532083563,885511.4444919643,2.814079653515234,2.6990712543996938
