,Open,Adj Close,Volume,High,Low
Mean,8.961702504173752,8.901174660616338,4412554.746475389,9.057391066810283,8.873471585183337
Variance,13.345375473421763,12.860289241959617,745698768721215.5,12.020795757273794,12.225830666778535
Skewness,-0.15713862520766256,-0.08711001762061987,2.127191502212148,0.018436505075662017,-0.19980982857518192
Kurtosis,0.12024648257954818,-0.06233521265883857,11.573345879716674,-0.11737129050066164,-0.026220660373389215
Shape,0.01999746549252337,0.03290484282966954,1.1372693942574552,0.06783476813933262,0.004411550317477734
Location,-166.1299901971839,-95.54154495648427,-673524.5742721434,-40.61891572965889,-746.3429691476665
Scale,175.16313745710124,104.50394137039441,13072271.854216382,49.62923666741403,755.331011350502
