,Open,Adj Close,Volume,High,Low
Mean,8.813536556398727,8.662001793216906,186551.07738639874,8.907084672792656,8.722161566920207
Variance,16.69451029599592,16.057901519774237,2292359823720.4185,16.085490145764858,16.216145004751166
Skewness,-0.08000030674886374,-0.10161419656335198,2.4055914346709057,0.10010731937873224,-0.2000496301818142
Kurtosis,0.36411705440382613,1.0090515191442329,13.145686774553926,0.9473143845540939,0.6477705989746214
Shape,0.08194360262493575,0.0825772367916614,1.1421057479804102,0.09373682228445256,0.0426260298198232
Location,-37.12440016448064,-35.97981470808883,-31344.59809201125,-31.27625148841918,-78.59273715937697
Scale,46.03595500645712,44.71589043621419,679001.0412353724,40.189375239810566,87.46341149404735
