,Open,Adj Close,Volume,High,Low
Mean,0.16100592975784858,0.15958087042631536,181360.51777907112,0.1717578810543434,0.1505428051950393
Variance,0.32674537826612654,0.290868068145229,47609834391555.72,0.37363494741667347,0.2387385817482386
Skewness,3.704121863639384,1.0206925977600774,9.137413406104177,3.343741321062411,1.007447242654083
Kurtosis,33.52060905850939,6.715292170882579,138.81917368976607,27.129004125817612,5.921901220331085
Shape,1.2725138952759034,1.239316923930677,2.22980350102927,1.3293792155627733,1.2358863604518542
Location,-0.006856828820606881,-0.0093153695928292,1254.3622517788224,-0.008321701325260692,-0.009939550394294635
Scale,0.21689517396114974,0.2273478927534059,349855.1271262769,0.2341653153504429,0.20737047449111462
