,Open,Adj Close,Volume,High,Low
Mean,1.3075838136881253,1.2549372255006672,105551.72881908271,1.330912990846842,1.2851870706323694
Variance,0.6699377070861858,0.583132475779763,1062278463390.0294,0.6297893322886529,0.6102385162902161
Skewness,-0.08320082969542371,-0.09288559867401022,4.173429244927461,0.19456371123374722,-0.11168079218139612
Kurtosis,1.1994816370270902,1.4008731641955459,39.45814054270915,1.3271387010542917,1.579815989267833
Shape,0.1900585047402378,0.1773608719913647,1.1243870071340882,0.21893334056738237,0.18697707220447812
Location,-2.3006874591339446,-2.460252141191217,-23726.28081667979,-1.8039136589258435,-2.288485643433268
Scale,3.649789303513678,3.735598311343364,434068.47430201323,3.1380574439223468,3.595699786432936
