,Open,Adj Close,Volume,High,Low
Mean,1.3075838136881253,1.2549372255006672,105551.72881908271,1.330912990846842,1.2851870706323694
Variance,0.6699377070861858,0.583132475779763,1062278463390.0294,0.6297893322886529,0.6102385162902161
Skewness,-0.08320082969542397,-0.09288559867401033,4.173429244927461,0.1945637112337472,-0.11168079218139589
Kurtosis,1.199481637027091,1.4008731641955476,39.45814054270915,1.3271387010542934,1.579815989267833
Shape,0.19005850474023195,0.17736087199132994,1.1243870071340882,0.21893334056740302,0.18697707220442888
Location,-2.3006874591340543,-2.460252141191936,-23726.28081667979,-1.8039136589255547,-2.288485643434199
Scale,3.649789303513788,3.7355983113440954,434068.47430201323,3.1380574439220514,3.5956997864338835
