,Open,Adj Close,Volume,High,Low
Mean,1.1993645295215674,1.2002013485853704,137885.37114478083,1.2360239799606088,1.16474108378267
Variance,2.6627114016019306,2.682309572972804,4418173893204.503,2.60517868054056,2.460735170750235
Skewness,0.18565104773793223,0.2781285310267687,6.765645649161823,0.4883095033857901,0.1070688650668514
Kurtosis,3.0491227592441676,3.1037222142697374,83.32235198216861,3.468320510500541,3.041054922105027
Shape,0.764683265546847,0.8105317913073153,1.2680351864815094,0.7845651880596025,0.776837610560672
Location,-0.22244334672087027,-0.14663095539779505,-16774.976483889146,-0.1734858709320878,-0.15368583310865805
Scale,1.398048850829879,1.2842963901199693,512535.57461231016,1.3383843392018273,1.2947815500943625
