,Open,Adj Close,Volume,High,Low
Mean,1.4579778238135503,1.459217572895506,112243.44944686406,1.47897907304868,1.4386333966969789
Variance,0.5764229456893493,0.56931738883705,2026732625791.0154,0.5573681616787325,0.5378643559227994
Skewness,-0.028944368781809632,-0.07988251363375298,5.232448371799478,0.23538191032003677,-0.37686185728585
Kurtosis,1.0524007472504033,1.1073292137938857,52.21007739426234,1.5291096578300838,2.042065661562069
Shape,0.1411613719265557,0.1356410581767203,1.311699861473874,0.1641265499800697,0.09033631157602719
Location,-3.407485311765424,-3.6185791211815643,-11808.311687797042,-2.7471656910199997,-5.795269747573353
Scale,4.867724730183439,5.073831831847464,424215.64906027884,4.204176346697321,7.2555107210852405
