,Open,Adj Close,Volume,High,Low
Mean,1.4579778238135503,1.459217572895506,112243.44944686406,1.47897907304868,1.4386333966969789
Variance,0.5764229456893493,0.56931738883705,2026732625791.0154,0.5573681616787327,0.5378643559227994
Skewness,-0.02894436878180954,-0.07988251363375291,5.232448371799478,0.23538191032003675,-0.37686185728584987
Kurtosis,1.0524007472504033,1.1073292137938884,52.21007739426234,1.529109657830083,2.0420656615620674
Shape,0.14116137192656014,0.13564105817671496,1.311699861473874,0.16412654998007306,0.0903363115760476
Location,-3.407485311765274,-3.6185791211817633,-11808.311687797042,-2.747165691019916,-5.795269747571718
Scale,4.867724730183287,5.073831831847665,424215.64906027884,4.204176346697237,7.255510721083599
