,Open,Adj Close,Volume,High,Low
Mean,12.498398637214201,12.172048452559348,174488.00437296307,12.644182992074132,12.368367489637327
Variance,32.245159904132734,31.38459474491237,1679296357776.6477,31.476852452492718,31.159086227924572
Skewness,0.12748889251490528,0.3229192932084692,2.032904628000511,0.29889725980598936,0.044979192540676914
Kurtosis,0.40695656509162426,1.3337550624185788,8.171797824392021,1.1690538137999393,0.6489619506333688
Shape,0.09734387885332979,0.12950853723873104,1.1811817944949583,0.10052190017861481,0.0738446431761694
Location,-43.2064999648261,-29.115524542354873,-26957.312417597983,-41.459145058474654,-59.645679313272595
Scale,55.642334651588726,41.112748684015614,624536.7148064846,53.9522208820888,72.01352048951127
