,Open,Adj Close,Volume,High,Low
Mean,1.4856735212544834,1.4778148179770154,302548.32399603975,1.5131661479715681,1.4553633336622744
Variance,1.1651435678296542,1.125308206282378,8082506256320.617,1.1701585904231746,1.058276652848062
Skewness,0.5371646077926083,0.5585528706789348,5.087821557586339,0.5654005009394267,0.4637787838274056
Kurtosis,0.2514911111026974,0.40437533867707165,57.13254442722127,0.30600455833119167,0.23902002059104532
Shape,0.49005297620260085,0.4946855347083626,1.196005119102336,0.5087299202476236,0.4948610641037887
Location,-0.54042398706801,-0.5211240775011883,-45150.21960452628,-0.4433091287143898,-0.45436935201408557
Scale,1.8760255993824393,1.8343609598084865,1118875.195074278,1.7977663997699007,1.7683876907917309
