,Open,Adj Close,Volume,High,Low
Mean,4.012353721150521,3.914222413745496,145761.6041166812,4.081840078935052,3.9391423051351686
Variance,7.683622685236015,7.1127449929907645,1071614403051.2019,7.456196505767896,7.092228492003712
Skewness,0.9217238092337612,0.9568420243913833,1.5256266254383,1.0921632315927239,0.9314692301712792
Kurtosis,1.1886740880550946,1.4376985893199388,5.501911495025505,1.9607770176663264,1.7196121220390346
Shape,0.4421015869830806,0.4294629395593899,1.0514471771843326,0.4450335281532422,0.41843955673609484
Location,-1.6884019273326047,-1.7481114086280196,-37676.00566508785,-1.5393493679982395,-1.7655553213806146
Scale,5.3281231982505,5.3006343756615815,545410.0452598301,5.213303100488808,5.393857671761456
