,Open,Adj Close,Volume,High,Low
Mean,5.3505179311978,5.342693563477545,728286.6032814138,5.542481366067214,5.14088240370164
Variance,112.34396355393787,104.10028209755237,38191479378438.12,107.85425386832335,99.38448459769972
Skewness,0.7218330576927453,0.9608196831391668,3.5635704126551198,0.9810408514505795,0.6458582073316206
Kurtosis,3.90089316975247,3.1902694783395136,21.805922658832255,3.257777126297623,3.4005103449465786
Shape,0.8685995302953169,0.8885952333805691,1.3542418200405992,0.8571700208071704,0.8612793249832277
Location,-0.7727455208083488,-0.6534371336984283,-8123.094693930503,-0.8266495101652924,-0.8499872970291116
Scale,6.949061208690965,6.6750983679795,1929535.4582427808,7.105338438619097,6.667630880548109
