,Open,Adj Close,Volume,High,Low
Mean,5.529572561210142,5.530686320215193,83980.43660169997,5.645232149940161,5.4135162043993414
Variance,23.92061664991215,24.008400289646687,1041091077526.7948,23.49696774394594,23.224316909106456
Skewness,0.2359462662792692,0.2295237224760145,4.911654875712239,0.4812833949274399,0.10529192146002686
Kurtosis,1.120319061870675,0.9734351730151856,40.923142602063415,1.2442894810244995,1.3313442057428437
Shape,0.47042727530402295,0.4848352258819349,1.2893083032156365,0.48511151176999645,0.4673840873923503
Location,-2.580631558957175,-2.3550279342777745,-6562.237633478314,-2.165270406683482,-2.555330597239614
Scale,8.015709400380107,7.772218793261911,261283.88378626225,7.697046507020348,7.884579274725907
