,Open,Adj Close,Volume,High,Low
Mean,10.780563366936166,10.794899176033125,239079.17105109038,11.00823250030208,10.547992289910729
Variance,72.74379846960358,70.83498834203289,6290413972119.884,67.76082904533482,68.88064248751411
Skewness,-0.062162249614165506,0.03832805547521997,4.360132715449473,0.1184313971327971,-0.1300939435612168
Kurtosis,0.7981447487769531,0.9683745420384167,39.28832998428294,0.8707789483707358,0.8597799416325942
Shape,0.3114638127048648,0.31978932331814913,1.1822840794927734,0.32180017088538954,0.3154122407676796
Location,-10.376228552207733,-9.858403120595163,-50334.34615522822,-9.552958341085256,-9.122241248937641
Scale,21.635419594226086,20.977082148078097,1005424.9553355464,20.717071296470777,20.287020821544093
