,Open,Adj Close,Volume,High,Low
Mean,1.8129126598053826,1.776511706043847,740025.3025041575,1.829999089820842,1.7957566826423415
Variance,0.3987723081476476,0.3733320333057877,21187376978695.207,0.37415866798869735,0.37439740265123167
Skewness,-0.027671810466248628,-0.08598228400375514,1.6247450679744355,0.11307071432874752,-0.1557291262855935
Kurtosis,0.5793420818939055,0.32969026075912966,6.8706484025798265,1.045549170486514,0.2989116544137662
Shape,0.020947804456868245,1.8379396935467552e-05,1.0331553392610293,0.049443392425885274,1.8391648467221056e-05
Location,-27.78970960729543,-32767.96039481611,-166689.78296716692,-10.314679188598392,-32750.911452920736
Scale,29.60312404266102,32769.74306620165,2486465.7588399057,12.136407516009735,32752.713612165728
