,Open,Adj Close,Volume,High,Low
Mean,2.453392954711946,2.319025424579787,85533.00192246382,2.47814961570474,2.4269811173017883
Variance,1.0769869362988582,0.9444190610035846,1877621848091.796,0.9962201167856642,1.013423940131654
Skewness,-0.1350297125853809,-0.16387256415566787,13.288482578399401,-0.11473063983072257,-0.20232680556177415
Kurtosis,0.4041324739821768,0.5783947821139694,372.5305751623977,0.2738656212484947,0.4679806130588453
Shape,0.043641706339238445,0.046507011150393025,1.079414352371701,0.03436326170080475,0.031694723567511913
Location,-20.000607199138074,-17.379208381782828,-21112.789719244738,-25.205693002127045,-27.54115168085552
Scale,22.474334273684054,19.71453412784718,313308.377848384,27.701765439431604,29.99206451794911
