,Open,Adj Close,Volume,High,Low
Mean,7.520564653478545,7.515390285130665,552686.7575922249,7.7259371589648875,7.296581502993834
Variance,136.43431806847516,137.12827776334663,102500587477305.12,135.28784499611612,127.05505387074017
Skewness,0.6284227765255254,0.6957813217664769,7.599779581323939,0.8358619988487409,0.5331111759381032
Kurtosis,0.8036065720752772,1.117734692803614,88.69449603299262,1.4820548221405154,0.16816834904170497
Shape,0.8240855994039714,0.8763479516778675,1.826710953497004,0.8848343841204661,0.9496194243564918
Location,-2.0943708231293536,-1.7754306839282457,-1020.2858613853086,-1.7141848497525038,-1.3324935307282426
Scale,10.765722859707452,10.128222950883133,950113.7631467968,9.926781164999895,8.978537120584596
