,Open,Adj Close,Volume,High,Low
Mean,1.7748499705167964,1.5702988661420578,74851.10698497105,1.817389514728903,1.7323474855667524
Variance,2.180339798412041,1.4878247923723977,740802825073.5111,2.1650343941011982,1.964371521490249
Skewness,0.524243127448468,0.39897891227985716,3.699759090378457,0.6842319096850934,0.32425969343245586
Kurtosis,1.2081716489765837,1.0091240261688021,26.32475829232703,1.108162578266012,0.9349450661792806
Shape,0.42158842142760866,0.38061903727902147,1.213648408213367,0.4484658659899345,0.3928149309247604
Location,-1.1019379124317497,-1.0987384490449197,-14176.482648669435,-0.9721545321407489,-1.1906465732693712
Scale,2.835447146630354,2.644805368923124,308700.56247564865,2.7021716224499195,2.9108827203362715
