,Open,Adj Close,Volume,High,Low
Mean,2.132724079385788,2.129291849110449,656050.2780443227,2.1641771327361456,2.105778796542178
Variance,2.0326247308452365,1.91672114191673,45410950367094.54,1.89584566142323,1.858447975238507
Skewness,0.012541284569998028,-0.1205559715471406,3.5246384586603585,0.10769788757777703,-0.20569220105889816
Kurtosis,2.057721742382193,1.2382637522888187,28.466755266133763,1.6035898235715278,1.4556813092124248
Shape,0.23408197894561364,0.2040993115183684,1.2968496404575212,0.23032913085981335,0.19079184379043365
Location,-2.728075671551272,-3.483496617406252,-68326.48907635796,-2.7621325603022666,-3.745410448033093
Scale,4.931632654547671,5.668916808500928,2160227.836310658,4.963733047124852,5.918589089679492
