,Open,Adj Close,Volume,High,Low
Mean,2.132724079385788,2.129291849110449,656050.2780443227,2.164177132736145,2.105778796542178
Variance,2.0326247308452365,1.91672114191673,45410950367094.54,1.89584566142323,1.858447975238507
Skewness,0.012541284569998028,-0.12055597154714073,3.5246384586603585,0.10769788757777835,-0.20569220105889816
Kurtosis,2.057721742382194,1.2382637522888187,28.466755266133763,1.6035898235715278,1.4556813092124248
Shape,0.2340819789456036,0.20409931151837432,1.2968496404575212,0.23032913085982426,0.19079184379043818
Location,-2.728075671551478,-3.4834966174060904,-68326.48907635796,-2.7621325603020384,-3.745410448032955
Scale,4.931632654547884,5.668916808500764,2160227.836310658,4.963733047124618,5.918589089679353
