,Open,Adj Close,Volume,High,Low
Mean,5.273698635994897,5.281507224709041,309917.06082203373,5.393368055347045,5.153612271030141
Variance,45.055592778936,44.087626557960206,8381825961351.246,44.08424184692332,41.77888459301917
Skewness,0.6217365141712315,0.7249418636868236,5.471953751605089,0.9890263293901569,0.6363464942790943
Kurtosis,2.191022530129506,2.5039625711120292,62.85348336894501,3.0094470084165152,1.7954688170435569
Shape,0.672032623866152,0.6752966677489539,1.2171837217602195,0.6559755349769731,0.655162234144078
Location,-1.2753312481097392,-1.2409087276073167,-31742.0011525824,-1.4604755550081303,-1.3501624422664962
Scale,6.661512369288259,6.555803719469806,1020969.6173730884,6.947976029219278,6.638767700358945
