,Open,Adj Close,Volume,High,Low
Mean,5.273698635994897,5.281507224709041,309917.06082203373,5.393368055347045,5.153612271030141
Variance,45.055592778936,44.087626557960206,8381825961351.246,44.08424184692332,41.77888459301918
Skewness,0.621736514171231,0.7249418636868231,5.471953751605089,0.9890263293901569,0.6363464942790943
Kurtosis,2.191022530129506,2.5039625711120284,62.85348336894501,3.0094470084165152,1.7954688170435569
Shape,0.6720326238661514,0.6752966677489529,1.2171837217602195,0.6559755349769727,0.6551622341440769
Location,-1.2753312481097436,-1.240908727607325,-31742.0011525824,-1.4604755550081345,-1.350162442266505
Scale,6.661512369288268,6.555803719469813,1020969.6173730884,6.9479760292192845,6.638767700358955
