,Open,Adj Close,Volume,High,Low
Mean,0.8041174146663496,0.804784680832476,182582.19260169417,0.8339134882647922,0.7780940461220855
Variance,2.767785713600109,2.852065698587236,54690370889469.47,3.1953559883747484,2.340587633891638
Skewness,3.1299101424783955,3.447679995626913,19.021570019956457,3.8396375271611802,2.8791207947889297
Kurtosis,14.875140941956577,17.353969910171266,477.68147018618623,20.606800533990306,12.48804417848723
Shape,1.1032009712655473,1.1207267895354216,1.5838225995067776,1.1248873780505784,1.0952141517091736
Location,-0.026855033227493014,-0.033638558548322796,-1120.3938757625474,-0.024459912875997653,-0.028698899097880176
Scale,0.6363574469718014,0.6166717889233425,402005.97739578143,0.6160083265481839,0.6093749830664444
