,Open,Adj Close,Volume,High,Low
Mean,0.8041174146663496,0.8047846808324761,182582.19260169417,0.8339134882647922,0.7780940461220855
Variance,2.767785713600109,2.852065698587237,54690370889469.47,3.1953559883747484,2.340587633891638
Skewness,3.1299101424783955,3.4476799956269124,19.021570019956457,3.8396375271611802,2.87912079478893
Kurtosis,14.87514094195658,17.353969910171255,477.68147018618623,20.606800533990306,12.488044178487236
Shape,1.1032009712655477,1.1207267895354216,1.5838225995067776,1.1248873780505784,1.095214151709174
Location,-0.02685503322749294,-0.0336385585483228,-1120.3938757625474,-0.024459912875997657,-0.028698899097880114
Scale,0.6363574469718013,0.6166717889233425,402005.97739578143,0.6160083265481839,0.6093749830664443
