,Open,Adj Close,Volume,High,Low
Mean,6.208346011138125,6.212779948252659,250304.19872994637,6.360905983265647,6.058651437749018
Variance,31.024675067798025,29.71666655724822,6525156578965.365,29.650820606734825,28.07826352878346
Skewness,0.366581525348685,0.2842775226789862,4.013891646512846,0.520431713738457,0.1956378768998371
Kurtosis,2.6699133380063484,1.5696113301006616,29.701522727516654,3.081668625687083,1.1940447895645425
Shape,0.3713388176540588,0.3642142166856382,1.152014045775937,0.3593704861237257,0.3640806229143691
Location,-5.0952841516697065,-5.1508148147042485,-49650.60484196728,-5.224641432330105,-5.041742997865537
Scale,11.593989994506446,11.675965945292573,967486.2299375768,11.821296021809964,11.391316220580917
