,Open,Adj Close,Volume,High,Low
Mean,2.8835360220614663,2.7971606035930963,242296.64930224424,2.9196679226491065,2.851898383696422
Variance,2.22748593336503,2.2135651355907537,9377140306231.021,2.2540134068727564,2.2054366203654876
Skewness,0.6126725282707421,1.0042606002424332,5.797395133237042,1.2865347113392906,0.4793775034716493
Kurtosis,3.6500053739606724,7.168212084652376,69.60295298381399,10.014521312184195,3.7737868936264656
Shape,0.19261450836043176,0.23610188888502112,1.2293581468158563,0.20763466861262903,0.18890934223974992
Location,-4.123800240942324,-2.7109081444382896,-37478.12333473132,-3.5894761878894363,-4.137410270609035
Scale,6.9565088722414945,5.446456588963183,899260.5595316894,6.429972715897087,6.955578383216724
