,Open,Adj Close,Volume,High,Low
Mean,1.9790737577302187,1.9752081979427363,1028469.3345170562,2.0318481914273945,1.9222525014313476
Variance,5.150196235400006,4.901532934159656,69480374023425.086,4.879591863934699,4.613975852123544
Skewness,0.7622167295485383,0.9331560669489731,3.3326401639380823,0.9059126393866053,0.7234745737273119
Kurtosis,1.6632785305772417,2.105639214272955,20.04857686360865,1.4955352397890822,1.3823041754451886
Shape,0.6388157083226912,0.6120263939319774,1.2630450742710526,0.6295849457447742,0.6180410944495147
Location,-0.49838440154890806,-0.611431038602859,-98805.47297313715,-0.529515910260776,-0.560877973844892
Scale,2.4923893792296203,2.5856556578898227,3046178.3649439667,2.533095461781489,2.4994487574235293
