,Open,Adj Close,Volume,High,Low
Mean,6.144696239730511,5.888691239759214,104354.37357469986,6.2472542844110714,6.045672455255062
Variance,16.120137034712158,15.03858635463713,3472980525358.0312,15.509617013499469,15.224817275176688
Skewness,-0.011710965943983916,-0.11598770208888567,8.556209498194608,0.23002747451797298,-0.28904945975939633
Kurtosis,3.842775770261672,5.290335818983149,143.91885736670804,4.806613782119664,5.98978743879243
Shape,0.2854785858939667,0.3113360026803117,1.3128554722759112,0.2948454585323268,0.273357784615531
Location,-5.739764134012172,-4.757471630809147,-11756.701383916126,-5.389629130986083,-6.141586201147102
Scale,11.772854145712556,10.46051459302701,361856.77920238685,11.402138183585642,12.041005257617993
