,Open,Adj Close,Volume,High,Low
Mean,1.029000729685306,1.026507302626228,73552.22574009263,1.0796757795580902,0.9754896331827402
Variance,14.28561366849493,14.879612995491904,4668664113463.716,13.843850790514988,10.492155025171904
Skewness,1.5577926646770812,0.959149090732889,12.81380799048163,4.837282464624558,1.5080373443744406
Kurtosis,56.51451053957632,65.93658920132756,276.5866274630466,40.689209067397776,52.286389968091164
Shape,1.1517975793815451,1.1407015827457299,1.7904580241108439,1.2056738049270308,1.1204238127985457
Location,-0.033433111000521785,-0.03751329789228546,-91.9855588906968,-0.023505942620993526,-0.03744254644371087
Scale,0.8563391109788855,0.8698828005366868,148183.9734902549,0.808497940201809,0.813603391826383
