,Open,Adj Close,Volume,High,Low
Mean,9.903693399859662,9.903445842513904,220002.1620452982,10.172012365379489,9.626142816969455
Variance,119.29419327856507,114.64500482451166,8040930093819.2,116.73457152095875,108.24296121674065
Skewness,0.5828289644375293,0.593733054326499,7.739946251874441,0.7183717396970474,0.45189852610496034
Kurtosis,1.2601573952772958,1.872033589695528,109.0419623590681,1.682446905435997,1.684017997139999
Shape,0.6249076517833315,0.5919030775996412,1.33868755825852,0.6060325753111144,0.6304585366531505
Location,-2.8558959191673696,-3.4390411715341553,-14425.249892719605,-3.204550722133755,-2.6154291526877897
Scale,12.690249637943653,13.26959672388352,642762.922813371,13.182233748834907,12.006399684634683
