,Open,Adj Close,Volume,High,Low
Mean,7.820716214554154,7.812307253895062,206047.35059400206,8.008562153772681,7.619983659376042
Variance,67.44480001570585,66.66207147333978,3179131460047.233,65.41139835801275,61.9802542721182
Skewness,0.5382774777015775,0.5946256992492148,3.6917589407106175,0.7563534927221962,0.4744753696633728
Kurtosis,1.5152615330684611,1.6894194564440328,35.18055740581302,2.1402933506936215,1.2466835185841036
Shape,0.5732796624743198,0.5587371292549277,1.1531250042677095,0.5766276309667736,0.5457162380600158
Location,-2.776676478678148,-3.1190755727075055,-35455.4456947851,-2.827794331427231,-2.9588364468007953
Scale,10.543465188492167,10.88603477286271,728692.4061216824,10.569530234047654,10.689971206793832
