,Open,Adj Close,Volume,High,Low
Mean,1.820255625021799,1.627509520810016,1467018.0706425118,1.8384193625743097,1.8015419862088533
Variance,0.8335490898059102,0.5908356073369603,69206810913157.13,0.7752772726326784,0.8078558835085483
Skewness,-0.12247642246271402,-0.16507991947339376,0.9153328406212727,-0.13931511905597546,-0.2517709434595349
Kurtosis,0.2915337806089595,-0.04354384864842098,2.2307036051314197,0.272421089095197,0.5591330400167416
Shape,0.08291395862894765,0.022148246379825015,0.8926552198752483,0.05470912755281673,0.04903620803454455
Location,-8.02076834341064,-30.913402886154156,-662863.6933431015,-12.982510348222782,-14.803275764279203
Scale,9.890326397530037,32.574830307127954,5423366.914554126,14.856634451229596,16.652205125340323
