,Open,Adj Close,Volume,High,Low
Mean,7.491314300833637,7.498467574564219,148456.14582554757,7.616947371300074,7.371448093190522
Variance,29.036369912187553,29.68011715991714,2198879827999.3953,28.71943482120507,28.60380589127635
Skewness,-0.03530916626046002,0.003232801950722966,4.011706539214764,0.14222565365461093,-0.1804945587866613
Kurtosis,1.3560547383225776,2.3634526312560515,31.208572706588264,1.7364184351767085,1.5531696854367665
Shape,0.2850306584710848,0.3151571370518541,1.2346005984462234,0.29940763971179063,0.2817299344781723
Location,-7.890529795201578,-6.227575649543089,-18961.841080839997,-7.101458743265163,-7.5641073468506645
Scale,15.46725510166867,13.773122231884027,520286.7424818968,14.711788656482193,15.12946876025352
