,Open,Adj Close,Volume,High,Low
Mean,0.7380923176866925,0.6742912856272407,3662091.926354519,0.7498563110923694,0.7267133809139161
Variance,0.3019680931745392,0.23408142374739982,696758775323027.1,0.3053868606564018,0.27689971928789603
Skewness,0.971044276408698,1.0168554709136868,2.709634982786133,1.2542092546035386,0.7206792747496361
Kurtosis,3.0445601647790523,3.9658879995530754,14.6927026605848,4.564120390011521,2.5104656525729574
Shape,0.414689977425404,0.4081679940325104,1.144824311166682,0.4292367919644176,0.4003252155319074
Location,-0.35147307567662633,-0.30940641422399817,-721125.0620171299,-0.31023438838668055,-0.3554201553884357
Scale,1.0535508095227173,0.9481044915866769,12006215.9243676,1.0150177711568071,1.0502103307450856
