,Open,Adj Close,Volume,High,Low
Mean,10.057772428260881,10.044902785785085,40878.67456897207,10.207732356245897,9.888528037331458
Variance,30.060426704308714,30.177445915656143,165258696056.7984,28.05415234940285,28.596717226027927
Skewness,-0.2539105119082667,-0.2044449043293899,3.6771691047881214,-0.027081336382297747,-0.306678791528682
Kurtosis,0.5181700443966393,1.2212197401030265,29.544675166670345,1.0571298111927465,0.9221406475430216
Shape,0.07719888361962036,0.08262024692757317,1.1590149982513682,0.10932226214271884,0.05879077529125294
Location,-51.563455526851236,-48.11707932261989,-6972.338862315431,-33.02684390460843,-71.14886734802587
Scale,62.04739046088088,58.52093029203016,156079.4093947829,43.424715471015226,81.35047360416036
