,Open,Adj Close,Volume,High,Low
Mean,2.1467903404848028,1.9860877173258287,165528.58393827517,2.1828682061022495,2.1080979979757575
Variance,3.3130576291615896,2.679028177628174,7950217616594.919,3.1551855666430906,3.098499520963391
Skewness,-0.24667710099360154,-0.6752693057500341,9.093736832654713,-0.3133685260794027,-0.7081531996097181
Kurtosis,3.2662519411122224,4.941950631228935,112.03674118991731,3.540462889970759,5.775306635460778
Shape,0.3540259525446352,0.3094625012128476,1.3746979239549617,0.3394097693262269,0.333934532777288
Location,-1.8318901618948358,-2.0473710910268292,-9803.974268579543,-1.9747793096046442,-1.9877884835449044
Scale,4.019871955221927,4.098335338342826,441367.6297293769,4.167320068611941,4.126684830342706
