,Open,Adj Close,Volume,High,Low
Mean,7.052047130122949,7.0535372774472185,134936.01655257138,7.203659119386353,6.898676025509519
Variance,33.19310627084514,32.813892189546415,2714983922737.3047,34.19823803453998,29.995410549709074
Skewness,1.3066328992894323,1.6542275009672585,6.124316334927832,1.7058422273525413,1.0408257893910484
Kurtosis,3.7912104889071587,8.177045444832496,69.28157459465446,7.598870344222801,3.3536921838038865
Shape,0.5456449392863838,0.5214679654098927,1.2953303495758435,0.5431401214656514,0.5033901036319466
Location,-1.9290937656022669,-2.1585590046454186,-5108.589115384562,-2.011978699147114,-2.2054288750957673
Scale,8.25564634494584,8.54091917219233,467073.3745559415,8.380513997920474,8.541240400615697
