,Open,Adj Close,Volume,High,Low
Mean,0.4579757117235221,0.45946870437292103,168032.3955757807,0.4661125552617448,0.45011213081261836
Variance,0.14570904793924191,0.13653859730906012,46731303921538.086,0.1581167588666114,0.13537390521077436
Skewness,0.6530764450136257,0.5865999573678854,18.83428113489087,2.1015251674275794,0.07430160523396213
Kurtosis,2.899988666208608,4.401552538235856,549.5128000852716,20.409809152077543,4.233686398551362
Shape,0.4109577143198075,0.36762180883856405,1.4051444465780323,0.44311048948596504,0.35782626941483103
Location,-0.24156442424511457,-0.3046837805087856,-11426.158213648592,-0.1999346768602769,-0.30070683311942487
Scale,0.6999434019547601,0.7671970607736569,582170.7701689902,0.6519760344240744,0.7601960388199086
