,Open,Adj Close,Volume,High,Low
Mean,9.951013560991829,9.950556861224667,451933.92264932574,9.991878630948726,9.907580785702551
Variance,4.544539501831682,4.663844883115242,11438367598139.148,4.529028724182591,4.361805235208573
Skewness,0.21387302890686624,0.22111216833319283,2.1747697799698,0.34690946283480434,0.09599407555679774
Kurtosis,0.9197508508195642,1.0017363283851148,11.274872495505615,1.3745969724982006,0.976408313916795
Shape,0.048259146881436864,0.04769372700636028,1.094500297182698,0.0695753888394016,0.020372160048294233
Location,-34.16154103527983,-35.26280004104245,-96784.32311825694,-20.488378601023232,-92.58080970456174
Scale,44.06119933191434,45.16194312354914,1605805.0657181926,30.406502053424386,102.46712350231988
