,Open,Adj Close,Volume,High,Low
Mean,1.1412845509954974,1.0787779900907324,1010021.083580128,1.152710737838646,1.1257439530262603
Variance,0.49676001151886506,0.39275903695936926,37392978419201.42,0.4702196567651409,0.4570936796013623
Skewness,0.929812300810287,0.729146623068793,1.5995214055096403,0.9900068265396932,0.7872572443783484
Kurtosis,1.9138574042773113,1.4973410222231829,5.28154980036838,2.365083533765419,1.7297510108064111
Shape,0.34468780276579597,0.2932441550119033,0.9281374767661982,0.33911715019629485,0.3213473093827138
Location,-0.7378035249857865,-0.8775695816240525,-440833.90129806387,-0.695252020282354,-0.7700210841419723
Scale,1.799487151376308,1.9064777091541878,3947071.1087189815,1.774836124032529,1.839170354399919
