,Open,Adj Close,Volume,High,Low
Mean,0.9852789739335426,0.9071421574551418,511421.4624599059,1.005730822384201,0.9655560395790082
Variance,0.9601610000893142,0.7835474512828756,46671765519258.23,0.9673680822796092,0.8961669981157856
Skewness,0.5311683235946911,0.545985739306479,8.366867203127375,0.7534047260167585,0.4590714751448619
Kurtosis,1.45092721804689,2.3706424666266086,129.91275993781034,2.316863453121776,1.6704035930420487
Shape,0.553076512004803,0.5376049259624013,1.2551277720715053,0.5950327935481583,0.5664717295227195
Location,-0.36285589128291607,-0.37268282289455107,-56510.42227191237,-0.2895489547766566,-0.32988977630100846
Scale,1.3341088862207786,1.2506464924686962,1624254.8139757605,1.2309396361701883,1.2612563328076531
