,Open,Adj Close,Volume,High,Low
Mean,18.953671334364763,18.19132027174244,140249.2835786929,19.156851104396335,18.757300658863524
Variance,66.7249202867572,59.76256509917309,1384054880281.726,64.27612750653145,63.070920947677145
Skewness,-0.03985945357079151,0.03372831106019327,3.245163660900589,0.07292587495733077,-0.040899650125415285
Kurtosis,-0.12284268260872899,0.08752373259622148,21.512830783267365,-0.011460142831105191,0.0895490707345985
Shape,0.05466905498663486,0.08000025999823783,1.1758019351710278,0.07279361056357869,0.06780367289158463
Location,-125.36134349928959,-75.07061561300382,-15899.598219943495,-88.46158481190226,-93.81518154030674
Scale,144.30229271361537,93.15486918843473,496303.3650450168,107.46083431726416,112.52126847284299
