,Open,Adj Close,Volume,High,Low
Mean,17.93614202043402,17.26657756475833,208071.5553035471,18.10887492585005,17.78430439665352
Variance,43.927607325504354,39.569327111505864,3014404342290.3145,40.344345824969025,41.498372593283555
Skewness,-0.02613865656444967,-0.018038382479324933,2.953998622429804,0.1747019399445532,-0.14286403366794373
Kurtosis,1.2170073810228574,1.5858071605217,17.257735592187323,1.263169878439589,1.543094747705168
Shape,0.043075609111109095,0.06434237747854969,1.2300401369528307,0.07372452507266208,0.052901118233614264
Location,-132.4896856667911,-76.89865264485452,-13144.274992839992,-66.02177985283727,-98.35949084121977
Scale,150.35001482552292,94.07826591194102,592158.3399362431,83.97580598743578,116.13455641595074
