,Open,Adj Close,Volume,High,Low
Mean,0.47580660253965823,0.40918609945331375,123825.11878797862,0.487873637318417,0.4629120902524773
Variance,0.28419611509247505,0.1692461185055374,1586708481693.3132,0.29487512372954483,0.2460799980714959
Skewness,1.9437844317439419,1.883805022373494,2.7145330683037296,2.516977700655358,1.8077975009926641
Kurtosis,7.425317960417489,7.275168919372849,13.434096932625824,13.52902198611277,7.578620864250787
Shape,0.7579732545505756,0.6853659414729405,1.3999793307403268,0.7554499027257623,0.7102878331128447
Location,-0.06012245496130889,-0.06544007742704308,-8182.355179185065,-0.05692568732552362,-0.07035124538032012
Scale,0.45229771901892035,0.4122121294947258,411312.8112977391,0.4537512085021764,0.4609162879322629
