,Open,Adj Close,Volume,High,Low
Mean,0.6003873112618223,0.6005670988630563,644965.628393182,0.6114020886959004,0.5893897451405777
Variance,0.3489017685369187,0.3325812334239706,24570155426311.34,0.33227668199588883,0.3079116437615675
Skewness,1.0186753531687296,0.9414876773810285,4.2899795082250005,1.199905671287344,0.8395037976473169
Kurtosis,3.3674330887998902,2.8089090279376094,40.63185140343534,4.003984478952485,2.1037627165016675
Shape,0.5490446934438753,0.5422946420881821,1.0734727367534693,0.546259373101686,0.5339947698940729
Location,-0.23679539202412073,-0.2226346459432094,-108713.52029615433,-0.2188269305219558,-0.22192733448197394
Scale,0.8121511816151308,0.8074079229953828,1970463.6860364163,0.7977152795587829,0.7931237804780098
