,Open,Adj Close,Volume,High,Low
Mean,0.6003873112618223,0.6005670988630564,644965.628393182,0.6114020886959004,0.5893897451405777
Variance,0.3489017685369187,0.3325812334239706,24570155426311.34,0.33227668199588883,0.3079116437615675
Skewness,1.0186753531687303,0.9414876773810286,4.2899795082250005,1.1999056712873435,0.8395037976473169
Kurtosis,3.367433088799893,2.8089090279376094,40.63185140343534,4.003984478952483,2.1037627165016675
Shape,0.549044693443875,0.542294642088183,1.0734727367534693,0.5462593731016859,0.5339947698940729
Location,-0.23679539202412103,-0.22263464594320828,-108713.52029615433,-0.21882693052195584,-0.22192733448197388
Scale,0.8121511816151311,0.8074079229953816,1970463.6860364163,0.797715279558783,0.7931237804780098
