,Open,Adj Close,Volume,High,Low
Mean,2.381333361143952,2.3313633819079294,83430.59790006373,2.4195443916138912,2.345647913901509
Variance,1.9901695897833462,1.8731443830171874,868600216008.0935,1.8016963753983646,1.7887366961241498
Skewness,0.20392318594556882,0.36792264093645494,7.2634099982657965,0.4953999894096942,0.18341242748138142
Kurtosis,0.7678582410912322,1.7119504672813708,117.86295463991809,1.6883871097384295,0.7354247182700542
Shape,0.21848209158379386,0.2327052016846321,1.0801231982822161,0.22634451514641063,0.20325232283143493
Location,-3.3358929987152055,-2.811120014582703,-22433.516158594233,-2.973666125081088,-3.4522586032457077
Scale,5.702326351661869,5.129559299009916,331572.2574076086,5.34121162129308,5.801286342420832
