,Open,Adj Close,Volume,High,Low
Mean,3.2630086211589853,3.116429456002311,877800.8599050217,3.28140974006101,3.2394789709670406
Variance,0.7107890381742269,0.6766762012323091,37388800887761.08,0.6533280584146222,0.6824955185581677
Skewness,-0.461559578491772,-0.427286053205628,3.0816756810670625,-0.3667741783020878,-0.5290250273756273
Kurtosis,0.8740681150021179,0.8511486555653844,20.154070016837952,0.8947878654224826,0.871059401494449
Shape,1.5755430347201165e-06,1.2228780921857772e-05,1.15370874574146,6.560363453011721e-06,1.2496728060271058e-05
Location,-524287.8357770042,-65535.368082966204,-115804.81143751513,-121605.5814638811,-65535.98051314569
Scale,524291.1068227607,65538.49537133532,2396538.5807345416,121608.86721996374,65539.22364719295
