,Open,Adj Close,Volume,High,Low
Mean,0.6795848798227117,0.6760091755550998,411323.4016169248,0.7038343787240791,0.6510977538462255
Variance,2.0650718626845026,1.8923233339448629,24562483492866.83,2.222075370876408,1.590081567845203
Skewness,5.771913258944898,5.087959038085208,5.467794457801574,5.506428838751011,4.094463736074936
Kurtosis,60.631263331601446,44.58912253229604,59.799754766056594,48.517995023671205,31.155814763644763
Shape,0.890130921499577,0.8716638783367636,1.4986991333545907,0.9325419151688895,0.8839694590337812
Location,-0.07549946858276019,-0.07927756223654224,-13341.586486677885,-0.05926022012970078,-0.062850691333495
Scale,0.690494396628202,0.7028427182985468,1037644.4946029601,0.6599884931978246,0.6593609722009864
