,Open,Adj Close,Volume,High,Low
Mean,0.7206087892951707,0.718386783944988,119478.55342839147,0.7405125279419993,0.6991777249997235
Variance,1.564691182032138,1.5995237911707922,4013783355011.944,1.6873572010722622,1.464212481773801
Skewness,2.3977906524856794,2.7621770138052097,10.44677599575275,2.8909029401528157,2.459696655543345
Kurtosis,12.49903770571793,16.270631193671402,185.840754649577,16.529643901676824,13.496074827083984
Shape,0.9820369212284754,1.0382092661522955,1.2137434415512547,1.002031583726706,0.9930585709198237
Location,-0.0557216068146095,-0.03416981524841604,-12333.605463735497,-0.041352066385484075,-0.041768310639135185
Scale,0.6535258849782,0.6020310037968404,411669.47651523515,0.6326882324734969,0.6130709390033404
