,Open,Adj Close,Volume,High,Low
Mean,11.61887112651189,11.317669448195907,196093.35335602087,11.747166931542393,11.503215863321456
Variance,19.942694541086645,18.722013041970623,2166079060125.4846,18.58370778706744,19.165278093722204
Skewness,-0.09660106886472415,-0.03407137436353893,3.020690396332157,0.0814599663307773,-0.10709608362298507
Kurtosis,0.45887077084555905,0.5816025201412245,19.2914995758801,0.7503329393546716,0.2726303643170831
Shape,0.012623392529655938,0.038158765427797996,1.1092510712403554,0.047279870689792065,0.021014342547879285
Location,-332.00206038888666,-98.50310633236815,-33343.773497130394,-77.52335359101626,-188.85981974374556
Scale,343.68303213067645,109.82970109424191,603779.1186144607,89.22896881346722,200.44289302131412
