,Open,Adj Close,Volume,High,Low
Mean,11.61887112651189,11.317669448195907,196093.35335602087,11.747166931542393,11.503215863321454
Variance,19.942694541086652,18.722013041970623,2166079060125.4846,18.58370778706744,19.165278093722193
Skewness,-0.09660106886472367,-0.034071374363539006,3.020690396332157,0.08145996633077769,-0.10709608362298331
Kurtosis,0.45887077084555594,0.5816025201412254,19.2914995758801,0.7503329393546716,0.2726303643170849
Shape,0.01262339236446618,0.03815876543040969,1.1092510712403554,0.04727987068840998,0.021014342563218102
Location,-332.0020648859656,-98.50310632485653,-33343.773497130394,-77.52335359362174,-188.85981959747042
Scale,343.6830366281138,109.82970108672484,603779.1186144607,89.22896881607562,200.44289287500663
