,Open,Adj Close,Volume,High,Low
Mean,1.5800859162939156,1.578693739511032,688624.9026816973,1.6137343615478323,1.5434062554546035
Variance,4.184562580413861,4.110739823150018,64917254610854.984,4.088695408328118,3.894838490152863
Skewness,0.6358481532384582,0.6489391343716796,6.596900952702634,0.6686515599830101,0.5583451077460466
Kurtosis,1.56999272916513,1.6042547309881838,76.62853734022914,1.6320055217040803,1.6369149186179959
Shape,0.8760730252329456,0.8404601858778491,1.3152467244871582,0.8604681185612342,0.8880101344385399
Location,-0.18392904289165699,-0.23362089243723155,-33124.46993729175,-0.20293656989551004,-0.17777071843865866
Scale,1.5895279968848013,1.6902372484833126,1879890.828272489,1.6374814249906031,1.5421627068863555
