,Open,Adj Close,Volume,High,Low
Mean,1.0057711339045974,0.9532034009162185,896887.8774935888,1.0292439746205317,0.9824046029512963
Variance,0.9194974233408122,0.8227161860676645,95691243795659.48,0.9831821045379089,0.8235829218060039
Skewness,1.0083783552054864,1.2904341976559792,4.4972289760735205,1.7467594333556544,0.8384086569250957
Kurtosis,3.0191360335236554,5.872996658605462,39.01123395514885,8.504839155349066,1.8099802477280615
Shape,0.5459066744886457,0.5593510479459054,1.3885639124595877,0.577141188341738,0.5426995429257925
Location,-0.40820381105890013,-0.3540476594078161,-47759.61040785324,-0.3572872694066617,-0.39847502279992797
Scale,1.3661955986416296,1.246386404291392,2471845.9258028297,1.2996371887971871,1.3250116928561655
