,Open,Adj Close,Volume,High,Low
Mean,9.172705302588529,9.089109776471181,97104.30786473698,9.277711166615049,9.07390659468565
Variance,19.303242473535867,18.711283584361976,871189419744.5643,18.671427914246447,18.12386845411746
Skewness,-0.0976608179158089,-0.11508142824047383,2.431791667384087,0.12931924137768233,-0.18193878632809032
Kurtosis,0.7218811735170627,0.3250406933228063,23.117827500911687,1.6529278783118198,0.2825019233126054
Shape,0.08738329626370676,0.07184311034338474,1.1449327087391161,0.1033306490515168,0.04825472482888368
Location,-36.56219168103112,-46.477000789467624,-24919.5465831009,-29.61463914272589,-72.44758191815444
Scale,45.85996609946612,55.68163687545998,392130.38696278597,38.89678403408216,81.67611895841301
