,Open,Adj Close,Volume,High,Low
Mean,19.29854990291826,19.300989908706725,81808.07082923174,19.767520606805206,18.83445841297348
Variance,352.6879650006628,356.3377071253935,622742033213.3895,337.6911668051757,331.69626330804795
Skewness,0.189633622997412,0.16124497501232438,4.285758469914168,0.39852359961547107,0.0615178123919348
Kurtosis,2.1060059682819094,2.7294003237851694,37.17010966348081,3.0985814100118745,1.832697045794177
Shape,0.4061526185761849,0.3839483959467886,1.199095563501679,0.3779658976962801,0.3680518313233426
Location,-12.771957361476044,-14.060354383221576,-8482.782110474483,-14.96237294867408,-15.032324452972436
Scale,33.57787391388574,35.36324291783577,280810.7632646324,36.1040975569448,35.89181983643332
