,Open,Adj Close,Volume,High,Low
Mean,15.19536628322341,15.211207038461126,1426301.7665070049,15.417832956572997,15.003277774947186
Variance,93.7993258359399,95.73979527114403,156877917225069.47,91.46603512005782,89.75834614323638
Skewness,-0.878763563827488,-0.9667760756499956,5.939601236960755,-0.8238931835687082,-1.0218009756771722
Kurtosis,4.305612103681943,5.198816112719177,65.67688612950438,4.594657960484875,4.693558134710722
Shape,0.07738863872705279,0.06247660582867365,1.3220173552199777,0.07355785043547639,0.017389657174977483
Location,-85.73392097500096,-110.12056275722493,-106719.76383327392,-90.46603379971424,-424.78468248184925
Scale,101.93291293600896,126.48057616097182,3949244.1543606855,106.82474978289073,441.0630402820241
