,Open,Adj Close,Volume,High,Low
Mean,15.19536628322341,15.211207038461124,1426301.7665070049,15.417832956572997,15.003277774947188
Variance,93.7993258359399,95.73979527114403,156877917225069.47,91.46603512005782,89.75834614323638
Skewness,-0.878763563827488,-0.9667760756499959,5.939601236960755,-0.8238931835687079,-1.0218009756771727
Kurtosis,4.305612103681943,5.198816112719184,65.67688612950438,4.594657960484875,4.693558134710726
Shape,0.07738863872709185,0.06247660582463186,1.3220173552199777,0.07355785043516559,0.017389657168000037
Location,-85.73392097494968,-110.12056276539137,-106719.76383327392,-90.46603380016434,-424.78468265879496
Scale,101.93291293595753,126.48057616915436,3949244.1543606855,106.82474978334209,441.06304045899657
