,Open,Adj Close,Volume,High,Low
Mean,2.170616216862399,2.172822073337537,328588.6820598708,2.2064978547497676,2.1385107259353253
Variance,1.7620084816759092,1.6585075855770512,13164159230042.297,1.6011519289123242,1.6005152991617322
Skewness,-0.15179362267237126,-0.1648816775362673,2.7099580590803565,0.02866797999724906,-0.19778277569220787
Kurtosis,0.3634100097614654,0.530616926334408,24.796835343697822,0.41715372562703124,0.31732667878898724
Shape,0.14667557249673902,0.13406722442785718,1.1655509222429334,0.15518209980997222,0.11992953903398165
Location,-5.638278073062674,-6.202358988835638,-65991.35365200866,-5.005191018741503,-6.959546892635566
Scale,7.8739142560802735,8.434986604511343,1331753.964900643,7.248332631630056,9.18014368474418
