,Open,Adj Close,Volume,High,Low
Mean,16.44907320521717,16.25600953413766,1535496.9380748982,16.60882508239207,16.28711319061085
Variance,40.50907718114132,40.959592462928285,76294637875351.11,36.99314284522673,38.65130280889752
Skewness,0.03284047961149787,0.059527508729388334,1.6166465766846527,0.19175416917693797,-0.040977572139230575
Kurtosis,0.25122875584726057,0.10266334093013096,5.388498673329778,0.34315910582554077,0.047673509964706096
Shape,0.031188429743471812,0.04454587326007441,1.0468977261071,0.08589281701935132,0.022892382263657342
Location,-185.21120488247993,-125.03234268953324,-424178.6868848087,-53.004453133518616,-250.5742485279887
Scale,201.60860386481914,141.22685939798285,4998495.645074605,69.41764144418684,266.8586749622585
