,Open,Adj Close,Volume,High,Low
Mean,1.507384586761453,1.4720003767260843,201708.94128305707,1.5244482663840424,1.489693442567695
Variance,0.8823212076806344,0.8631953763509219,3011804478367.6504,0.8754354916617566,0.8839274647023952
Skewness,-0.10963526397587513,0.05849382895792793,4.024990570667645,0.03267691731877606,-0.07618710211795911
Kurtosis,0.3651659352076151,0.1566388956096887,43.765213971232015,0.29419187199631613,0.24943616679060732
Shape,0.19522742812851865,0.21547956626863954,1.082493596602879,0.20551352389364133,0.19581214259141827
Location,-2.6485333204287156,-2.3099503097125433,-53749.73395077717,-2.4610065520131332,-2.642145190158389
Scale,4.17884239630539,3.7906007172118596,733216.475848585,3.9964518612770004,4.161200567590388
