,Open,Adj Close,Volume,High,Low
Mean,0.26308014940855506,0.2517923884603053,1621476.5422565048,0.265915640263456,0.2602094910059259
Variance,0.02007004150867806,0.02159871919334402,1215154115393173.5,0.049679207769858985,0.019016725431145468
Skewness,0.2110620539315503,2.164561600678536,18.179883190687214,11.533536121732965,-0.2118013087318911
Kurtosis,2.650719337837173,31.593811654922646,449.93072739159675,265.9622293446683,2.7764006370706067
Shape,0.22443319116328572,0.24914731538514304,1.3139093396689159,0.3208929930434461,0.17445508220199815
Location,-0.2840598892927846,-0.22962141312061693,-148700.21296247025,-0.14728194262101668,-0.4358113498495689
Scale,0.5440008651121422,0.4751800483180324,4284830.059849654,0.40161913823911816,0.6944616481934112
