,Open,Adj Close,Volume,High,Low
Mean,14.85189780955886,14.861202270052809,2481859.0063992953,15.11964786145958,14.588843633085359
Variance,167.50857264589004,161.142660125432,183031304075175.28,161.7262477358378,152.18841015892858
Skewness,1.35787208319577,1.2414905327163563,1.9156178834169146,1.525730595484436,1.192908678062677
Kurtosis,3.962500584297511,2.9048787639674716,7.761253181650755,4.9566711548506746,2.5772810958551418
Shape,0.5939943544119994,0.5898035836831775,1.0657926275911525,0.5955153075007285,0.5816973996681167
Location,-3.018565269748176,-3.0609890507385407,-561995.1338403278,-2.843989709616407,-3.3277984911677474
Scale,16.239471729268377,16.333986906187306,7419943.627782208,16.0364357727701,16.295847272161893
