,Open,Adj Close,Volume,High,Low
Mean,8.572594009224515,8.568100841093834,144804.42566325073,8.743205692218186,8.387326763679706
Variance,75.57571537106122,74.69812617804592,4136301242239.214,71.46641041954257,71.88860870920402
Skewness,0.22857687498806967,0.24441103982437198,11.156418512659249,0.3408174053715343,0.14286644658294864
Kurtosis,0.18840280582129187,0.1994887425544194,209.89374882564178,-0.02348252262192352,0.1677749348526998
Shape,0.6400288266377788,0.6350227910605417,1.3074673220638673,0.6267839552918214,0.6168654020013156
Location,-2.3255133880256804,-2.144830689012701,-11616.216458599223,-2.2811682315823956,-2.4764011877844463
Scale,10.44149546988753,10.363438625290913,436399.6772916487,10.52665868982343,10.554958459220588
