,Open,Adj Close,Volume,High,Low
Mean,1.3544405013405838,1.3594976237397707,218826.12697571283,1.384043077097405,1.3298639838975301
Variance,1.6102167136338563,1.6031568558337734,4955800278275.839,1.5696827524743453,1.5157334064776362
Skewness,0.12057705074777846,0.2754059324827679,5.1440080122905405,0.5250148760716558,0.10964638519992971
Kurtosis,0.9837795281256341,1.789464182042396,45.59409514753558,1.4019289929906495,0.9550537392663876
Shape,0.3656162254398354,0.40014935345426894,1.128433035861603,0.41678554504976795,0.4039116548946315
Location,-1.2227874084219992,-1.0666570239856543,-35284.341604807516,-0.9312999198385709,-1.0069292872064637
Scale,2.6840622274129404,2.4715913374415965,808330.2396929631,2.368437321299961,2.389841531196053
