,Open,Adj Close,Volume,High,Low
Mean,10.21602429981918,10.23107935576572,236208.04476525486,10.377600389302724,10.067676048728035
Variance,40.24482976377764,40.33383724889026,8404664532530.779,38.43614790362644,38.571231946414926
Skewness,0.7250414556995809,0.7729020788403241,6.4086079582133335,0.8624032878056785,0.651187787923126
Kurtosis,1.2889544877288168,1.5250617009836,100.24995517390947,1.73857933792684,1.245076031812185
Shape,0.37766896383590864,0.37372247731316316,1.315168639062352,0.36566298715984896,0.36216645034779493
Location,-5.070012127078861,-5.355457473662507,-13760.92985036235,-5.298056926990347,-5.546087144269085
Scale,14.57080341100271,14.814616623740315,801968.5620636605,14.893089010488843,14.963513161776133
