,Open,Adj Close,Volume,High,Low
Mean,5.576184762878836,5.577961880740937,568234.1755514723,5.716291306032728,5.442162389379477
Variance,35.61135080908926,35.287176013612054,32739738409746.855,35.638131426183186,32.82529115323328
Skewness,1.100152698542819,1.0787022245471851,3.9772273601940764,1.2381074186835601,0.8642231074778797
Kurtosis,3.8384947936034814,3.9227891190015747,31.835228756669657,3.7334492696341455,3.0746896560643364
Shape,0.6019415951660897,0.584105941786623,1.2140073127194386,0.5878811687208672,0.5670560560053736
Location,-1.86024339683786,-1.8033648965286158,-107487.1760663398,-1.8861815739177976,-1.9368660028330995
Scale,7.211033364170854,7.243925292251244,2232578.785784459,7.40794566634855,7.264496964005476
