,Open,Adj Close,Volume,High,Low
Mean,2.3382024947282214,2.2007894593503114,1844945.5628985346,2.361370487756567,2.3125125871588033
Variance,1.1961504209227318,1.0106981168151699,205481278437686.62,1.2088087001088594,1.0830841127108635
Skewness,0.9860022510004297,1.1431579194263108,5.323749924827807,1.172066499725283,0.7895726055732547
Kurtosis,1.9424045014537832,2.9393884946093314,57.43495179296888,2.7660956088149966,1.6093150895879376
Shape,0.2973789492967243,0.31039389708329157,1.291667820892723,0.3086676335961443,0.2694477062758951
Location,-1.1506187740097522,-0.8306530725778207,-177991.55042086748,-0.9935632195118668,-1.338365272417407
Scale,3.350888256429985,2.90091202708356,4869275.35680204,3.2083177646556194,3.5402698775174044
