,Open,Adj Close,Volume,High,Low
Mean,1.823876886185362,1.76445346978643,74792.61102750862,1.8354978022104482,1.8124750447528726
Variance,1.7505561396887452,1.5521839540853057,400441336864.9247,1.736663102857857,1.7514249236662311
Skewness,0.355586967486815,0.2690226723726493,2.120410996321221,0.35997233423242364,0.33349985477317434
Kurtosis,-0.10116961529165858,-0.04517857906718259,12.435022686433012,-0.06573650039181356,-0.1506635722455898
Shape,0.44076955915513943,0.38354074544676636,1.2371804062178384,0.4404759347553144,0.44865571936306287
Location,-0.8736675195825536,-1.1521318979391284,-7992.928968419465,-0.8809142264268738,-0.8590505268208565
Scale,2.576269025930798,2.822870258175266,251558.99973904726,2.579495972371274,2.5355593583861213
