,Open,Adj Close,Volume,High,Low
Mean,1.823876886185362,1.76445346978643,74792.61102750862,1.8354978022104482,1.8124750447528726
Variance,1.7505561396887452,1.5521839540853057,400441336864.9247,1.736663102857857,1.7514249236662311
Skewness,0.35558696748681506,0.2690226723726494,2.120410996321221,0.35997233423242364,0.33349985477317423
Kurtosis,-0.10116961529165858,-0.045178579067182145,12.435022686433012,-0.06573650039181356,-0.15066357224558935
Shape,0.4407695591551391,0.3835407454467702,1.2371804062178384,0.44047593475531627,0.44865571936306264
Location,-0.8736675195825555,-1.1521318979391018,-7992.928968419465,-0.8809142264268641,-0.8590505268208578
Scale,2.5762690259308,2.822870258175238,251558.99973904726,2.5794959723712623,2.535559358386123
