,Open,Adj Close,Volume,High,Low
Mean,1.5878514286198575,1.5899149523416047,229561.32798016517,1.6142103143632978,1.563570916752542
Variance,1.0986184537495056,1.1092342883278616,4889080572755.328,1.1153944576914923,1.0805563441056065
Skewness,0.41934736666998307,0.6559326349803322,3.7162720834647085,0.9770859439534477,0.2564892618242095
Kurtosis,1.4060567010448288,2.4876485665633448,29.911565910168434,3.758193408321712,1.7292953583042836
Shape,0.3285750731756323,0.32773166083548977,1.1697839734810047,0.35459165538295695,0.3059303525043817
Location,-1.1680343970627631,-1.2182140081458546,-33364.03170562466,-1.0202244456069,-1.3284629571395088
Scale,2.706006590352576,2.7427291429299356,857530.7513011135,2.5410394042684232,2.8596011971358344
