,Open,Adj Close,Volume,High,Low
Mean,2.720910668906589,2.721426002495922,793092.1697436203,2.7997727842713145,2.639552726697666
Variance,27.093911328988238,26.991878609283958,127767356346171.66,27.1336847358937,25.411475552998247
Skewness,1.1122064119815034,1.0689188545213422,6.710736651745026,1.2377370184103047,0.9078159408638136
Kurtosis,4.643325374606205,4.355208803844504,87.75605241421142,4.5476896459518565,4.528914152062463
Shape,1.494531420927235,1.5154641396540836,1.324145120267394,1.4961760243103597,1.5426275122956388
Location,-0.01679451305506144,-0.022349276904043737,-47049.69353580556,-0.027260994719207805,-0.016208311351891793
Scale,1.8862787785060555,1.8572713475580191,2685174.2566528786,1.9254881226992346,1.788775020526116
