,Open,Adj Close,Volume,High,Low
Mean,7.689213976028402,7.4108620982300994,497200.7408264818,7.7925376603795256,7.589770678682414
Variance,18.100732158105245,16.54154940720309,16596154127495.52,17.589432628660525,16.445903544171028
Skewness,0.5275671727929553,0.6063561470338394,3.4181679109930476,0.9124687760639786,0.497730565691359
Kurtosis,2.0779386382404805,2.0319261829260284,22.282835919286256,3.2608681354964153,1.925741220793956
Shape,0.2481713086074132,0.2471907718527276,1.226143507300204,0.27404901718776314,0.24508804252728109
Location,-7.770341122310568,-7.601075480837562,-59954.00798101034,-6.149621441127316,-7.2757229993133175
Scale,15.22845691937234,14.762734716721,1523799.4898763066,13.584423170568723,14.664036030999798
