,Open,Adj Close,Volume,High,Low
Mean,14.161068671134911,14.049787817860066,17139.414215783785,14.258839812069873,14.05243294872582
Variance,37.398489437237174,36.982691304550244,22542886694.74497,36.085218177788455,36.523207610862066
Skewness,0.5134768505132085,0.4415322094849496,1.7492609868952738,0.5483911699374138,0.3667014278870768
Kurtosis,1.0839210932863548,1.198595660867043,9.982114038318839,1.005271246285412,1.2254278163249008
Shape,0.20689366814966775,0.19322904338288635,1.0542030076516562,0.2162860389637247,0.18890262013923662
Location,-13.982912670798324,-15.805269072546,-6786.279649755839,-12.240314043424021,-16.00953716537866
Scale,27.689776681553916,29.450355734016934,76728.69372674462,26.010461857169453,29.71530060568819
