,Open,Adj Close,Volume,High,Low
Mean,0.7265161024932799,0.746311883548852,13027.87756923294,0.758452564678939,0.7384343901006494
Variance,25.866999692254616,21.540847567179405,184437107329.3,31.0536708010394,19.215536142207878
Skewness,4.733520470266467,4.834296190901752,10.853652764345766,6.339894599534726,4.257625992875016
Kurtosis,49.7966382451875,53.99818804035612,207.48151584989574,73.42872599086324,55.57320657165833
Shape,1.4697170586282173,1.3980870401324397,1.4704581206773346,1.4994646297062868,1.4221855824066976
Location,0.01183348263690542,-0.0023423328064854135,-444.9248230132949,-0.006746685928145095,-0.005285355868390023
Scale,0.8441334240641599,0.8995123197583603,49721.93740351511,0.8396134104428253,0.8394894514092751
