,Open,Adj Close,Volume,High,Low
Mean,1.9812958241431242,1.9804600062685076,501328.6333190669,2.0485667928569318,1.9143715116325875
Variance,8.55226906762676,8.347668609069572,11784962918054.816,8.374407337720843,7.873644112713491
Skewness,1.4005416973645306,1.4051474619877808,3.459432746295658,1.5526627512803202,1.3709044948811888
Kurtosis,4.553071003028321,4.4880936550051755,23.495726650282723,4.957080579197899,4.710636887333731
Shape,0.8546093349230683,0.8135568053943011,1.1913165887358936,0.8278900079326638,0.8461160804784348
Location,-0.2880566404459939,-0.3202373530244217,-58811.49854011037,-0.3147688024651027,-0.29085937230271774
Scale,2.2437135051356356,2.302472074112673,1437482.7392918987,2.315485024158315,2.1540732143240016
