,Open,Adj Close,Volume,High,Low
Mean,0.8771960292408886,0.8784515529968139,375320.6753146329,0.909932539059934,0.8500065729119396
Variance,2.6034014478791887,2.4914195429985426,12218770559449.295,2.290888527135566,2.3107481543612596
Skewness,-0.6084481715995129,-0.5820848673006721,6.319293372438327,-0.44153026593166955,-0.6379865040880742
Kurtosis,2.5832490570750917,2.6714382687133975,81.70586509033768,2.1328549916460373,2.272028184521293
Shape,0.5771262534651087,0.5622658878098866,1.2376391933602946,0.533161181250967,0.5471320192308452
Location,-0.37554942162239263,-0.3764813461437009,-34551.82613779963,-0.42741398889406534,-0.37754112001157536
Scale,1.5543596822411945,1.5635132649266636,1073605.1783591837,1.6353019311412127,1.522684734142189
