,Open,Adj Close,Volume,High,Low
Mean,14.150197523781383,14.145577046048606,96611.94745510773,14.512135636366478,13.776731784959647
Variance,199.7314460692737,200.77045991545717,1217579078082.5542,195.99179173095865,187.62731418130213
Skewness,0.055556425639187446,0.01684418909923103,8.518405672646363,0.27973024610377806,-0.16505368309772506
Kurtosis,0.473206931698015,0.7884092870129487,121.34555762167112,1.1812000820327127,0.5119711415751897
Shape,0.3296614841042123,0.31417068586056085,1.212592438708485,0.3428613794718015,0.27465827509570706
Location,-16.02145036899622,-17.58588069340443,-7338.795940532638,-14.851790759124514,-20.78535502744089
Scale,32.38403103785437,33.95579445878941,269177.5480416922,31.185764038733378,37.24950411325247
