,Open,Adj Close,Volume,High,Low
Mean,4.845254422877966,4.844547793294508,1050921.8440540163,4.950245615821655,4.730445573592807
Variance,25.80158249647512,25.561930492609584,88073549894559.73,25.013939023886596,23.806185638796215
Skewness,0.14100022447965072,0.18315211123416972,3.307169656242981,0.32266349207359174,0.05958514974680303
Kurtosis,0.9511369958177216,0.8958098618634502,19.34445846293086,0.7567236659711516,0.8230555678151377
Shape,0.5136549578478401,0.49352811579027683,1.2043385385203809,0.5080553000869681,0.46019799339022655
Location,-2.3888426645927896,-2.640311908188309,-139370.0959293783,-2.3503473162583726,-2.958347240421226
Scale,7.4143715696907435,7.707351924117232,3903883.9496901557,7.458424456040914,7.991998900012926
