,Open,Adj Close,Volume,High,Low
Mean,2.5474754443024366,2.548754620050998,90733.0103094704,2.58459986037275,2.511954848098843
Variance,1.7458749284566621,1.7544245803166303,581218889109.4683,1.6801844251477691,1.638435580750831
Skewness,0.15100356938974221,0.1355237675047871,3.4453704239283707,0.473628846957568,-0.07142508760014663
Kurtosis,1.1488995063358445,2.1765017326147067,30.190497877293097,2.6842790417097637,1.431023145729549
Shape,0.13636604561519253,0.17076053151378687,1.1158310256182702,0.1635207235880545,0.11322628990565597
Location,-6.349395890787767,-4.444178354394103,-21947.442962683548,-4.838569034138945,-7.816419158698015
Scale,8.896074175790066,6.975193481111652,326096.3123040088,7.374771522188717,10.338345986058156
