,Open,Adj Close,Volume,High,Low
Mean,10.774625859408413,10.794215534988695,316474.5110416459,11.031729490901593,10.534127469677863
Variance,119.21529981582468,121.25090030362853,9668403967407.936,111.46943244077556,117.2545140508355
Skewness,-0.08345947484819174,-0.028695728649807843,3.1853770720900045,0.07601332758299507,-0.07285697574719516
Kurtosis,1.0223712770201479,1.1182074409786313,18.273975272665332,0.913406445251896,0.7949037587226195
Shape,0.44602695644230944,0.44171858957707383,1.308980187888228,0.4260081863895588,0.405796384019788
Location,-5.599643667838884,-6.210272888295667,-37677.424354632494,-6.6947297066233284,-7.599762986836241
Scale,17.348187287926777,17.905565409295036,1188981.8017723009,18.415099578080333,19.262316321400807
