,Open,Adj Close,Volume,High,Low
Mean,4.204951302067689,3.9794147632261065,146686.83151066708,4.265828089477926,4.146952895992945
Variance,6.809769270177476,5.861846835551127,1871963981114.9788,7.178659641755802,6.346523241406127
Skewness,0.6007756702235578,0.547290232306139,3.5745777390509827,1.175346177143727,0.41179595790360796
Kurtosis,1.7306006029687735,1.5492117346966383,28.106300953992527,5.609418802041416,1.30408935904652
Shape,0.304637206369296,0.2917808598984205,1.2063814652192075,0.33035220952975053,0.2686057490243394
Location,-3.3240026290474507,-3.4101656461267744,-21933.579099142855,-2.7584942206195926,-4.175561644994784
Scale,7.403042873149544,7.2587356711144615,530180.8873123827,6.831230836834703,8.221206061357831
