,Open,Adj Close,Volume,High,Low
Mean,0.9231324653775654,0.8772331289024167,73595.57963435301,0.9425736888353625,0.9043498139017965
Variance,0.6742285063309552,0.5755881231055017,1699611034535.7778,0.729283307513405,0.583075581749796
Skewness,2.1208972613896817,1.773489635080562,6.490666734127335,2.9889591374753706,1.5627765421577857
Kurtosis,13.067160510611153,14.971884521842597,79.65927197881238,20.911590783452084,17.01234221341745
Shape,0.5102197652934266,0.4687433374301887,1.6168410612137878,0.5221898154271576,0.4558548234595922
Location,-0.2231923586158636,-0.30353112676783517,-404.48793584914455,-0.22741488756317169,-0.276832523215418
Scale,1.0727142655937596,1.11429406395658,215486.73963098228,1.0731202699720566,1.1308383290539203
