,Open,Adj Close,Volume,High,Low
Mean,1.8019101842869658,1.8013832265329308,268595.61021886463,1.830902373748184,1.7719718751322107
Variance,1.4653085324917499,1.3722247147504212,6656990966153.509,1.401557935774528,1.4077818144634007
Skewness,-0.07493944849889216,-0.11959327732604291,2.663626277782468,0.16728893335430542,-0.4311897353412056
Kurtosis,1.6283159541725176,1.4602767093822075,19.978804627347166,1.4511502988874865,2.870595976380053
Shape,0.24918879001515953,0.22006591452282578,1.0479796283266134,0.26069470842851816,0.20058611935348986
Location,-2.22239494575665,-2.593931498540787,-104329.20656375973,-2.0051422279639897,-2.974956451431885
Scale,4.046620055289754,4.432860143250885,1295441.690376705,3.839024418026088,4.804508965440745
