,Open,Adj Close,Volume,High,Low
Mean,13.124558660836351,13.150877086562426,103289.02457343045,13.413323014311894,12.859427779761297
Variance,140.36656147448105,140.51105882648844,1096337481918.9437,139.566989071533,133.80182524646457
Skewness,0.13589824852914423,0.21956213431340812,4.742356895453619,0.6518266774544205,0.0970602340045833
Kurtosis,1.9599507586279623,2.658318496893803,48.01212760488631,5.67550213623908,2.3309553117296096
Shape,0.4186279715647061,0.42488230023914475,1.1892605146127795,0.41200284569825163,0.41076391497979314
Location,-7.404976660434013,-6.929879057207777,-14750.341845103938,-7.624171167821827,-7.070742864669438
Scale,20.88310440497912,20.459643558268255,382465.4958610872,21.198504205125683,20.53682903025089
