,Open,Adj Close,Volume,High,Low
Mean,10.047349376182995,9.620342043182058,229902.27841307077,10.151150935879283,9.937105234952943
Variance,33.39471945491352,29.57121491674782,10395233004439.4,32.22487876640742,32.709929926628725
Skewness,-0.8785520219946484,-1.1040896928119988,7.216031786971416,-0.8725675077699097,-1.2302254096063538
Kurtosis,7.971296327148382,10.221028424928164,79.91766364110212,8.040560662163669,11.417757814561927
Shape,0.1791833430771993,0.17336535308278722,1.357386524605234,0.18526489300086238,0.18791854561023966
Location,-17.058774722507323,-16.84786521924359,-17685.875531718062,-15.811700843307813,-15.297642135249
Scale,27.11027763530064,26.460692116370687,685157.9592013955,25.92394184886448,25.241765095502718
