,Open,Adj Close,Volume,High,Low
Mean,10.450366058642716,10.440267356650853,189103.9215729955,10.683213379510835,10.19560264214765
Variance,179.25212880204674,174.4042139690968,6229053913921.087,170.0025988863329,169.1307739877387
Skewness,0.675905755807382,0.814657476676598,7.373236380726458,0.8928816665506675,0.72026008479183
Kurtosis,0.5384740928635292,0.8510290651880505,90.34629162318134,0.7905591474901357,0.7625259519760648
Shape,1.0252120256859862,0.9891229510808199,1.3047005244221934,1.002015323918395,1.01766465962008
Location,-0.5104111446249541,-0.7483858345487538,-13034.194027029986,-0.7478806780408211,-0.642119698360547
Scale,8.821034969114468,9.140411650309936,580802.3109351896,9.118862292087423,8.691258068602492
