,Open,Adj Close,Volume,High,Low
Mean,0.7556414443466469,0.7548505902851758,396368.7499208824,0.7688820322986725,0.7419246422110104
Variance,0.5420430946646806,0.5285757481488306,10085764862972.66,0.5337653456672475,0.5093190693984947
Skewness,0.5863898352724546,0.606559306536543,4.535909919726022,0.8003687236533574,0.5558196947463105
Kurtosis,3.1156506722718422,3.4256589385402023,52.35093692750148,4.049584954266161,3.2409086638954943
Shape,0.605969373203823,0.585690598561686,1.0373110335434346,0.5865241315992399,0.5978308181845458
Location,-0.19142146933321705,-0.21977198837686296,-86074.59352193377,-0.2061622639543546,-0.19050369556956115
Scale,0.8899606980034096,0.923360212291678,1360704.0555393302,0.9198884368838094,0.8788668416198555
