,Open,Adj Close,Volume,High,Low
Mean,22.364348947747743,22.373193058620668,43439.99001023574,22.62657980807098,22.10072962984397
Variance,121.71686627786747,119.32725811625296,202505261543.1694,115.78974073779906,114.7288909717506
Skewness,0.12595915961492607,-0.014118340880895853,4.348913419852357,0.20811041766377472,-0.16214603493980484
Kurtosis,1.9702083043346317,2.61119764562151,39.247612954891636,2.298725136835908,2.5756808962184676
Shape,0.17440629361016224,0.15319007313825694,1.2312629836010094,0.1564708016593416,0.11794840585654401
Location,-34.36162121162977,-42.29975224517284,-4718.3058978341505,-40.77963429156315,-60.078993709330774
Scale,56.578555693076716,64.50213363321716,135095.4612024669,63.09578649840709,82.18956735972998
