,Open,Adj Close,Volume,High,Low
Mean,4.051938103470798,4.072921421599176,510649.68421895074,4.2371939809831884,3.8976818898141667
Variance,170.99703120278002,164.16884725069363,17932722637881.59,171.0295454042215,149.50758000872278
Skewness,1.3335355557213158,1.68618052147365,4.733753537271934,1.638327622484218,1.4696630538499527
Kurtosis,5.924220386355174,5.433673863165849,48.161346845847234,5.294544366814842,5.606718309342586
Shape,1.6030396980227575,1.6060817964152552,1.2629031838695117,1.5260515041958418,1.5979797465686878
Location,-0.041742862637907156,-0.01830154656383851,-52243.4412639077,-0.023931505626440447,-0.03268441760840194
Scale,3.2317653816693737,3.2132637080845248,1523591.571661367,3.60931679951597,3.056715828824044
