,Open,Adj Close,Volume,High,Low
Mean,0.3176848549688382,0.28699079985625536,167822.406728986,0.3256223522390281,0.3098783312249961
Variance,0.11558206203422375,0.06298101288633726,12361457733941.293,0.1183068063241879,0.08218128497776793
Skewness,3.0407057626487317,1.1116674981301855,11.428473037554669,2.6503372510492396,1.2448299034854091
Kurtosis,27.50904712695563,4.933828928377236,229.4860658506401,18.380357957033066,7.666892483739758
Shape,0.5533961356036088,0.45109823163015655,1.3896639677029905,0.5819936835225903,0.46563423827028666
Location,-0.09743318759534664,-0.1434843448657736,-7343.714905134742,-0.08627134490427983,-0.1346348325942839
Scale,0.3981720473836665,0.42464338187246564,478092.35956747324,0.385893078232722,0.4435563546855357
