,Open,Adj Close,Volume,High,Low
Mean,0.8257106425056532,0.8235855165688465,148772.65493307033,0.8457655652401744,0.8031991009330426
Variance,1.4184437172741107,1.4168963685014935,15659597614479.62,1.4620885077625037,1.3083348577028704
Skewness,1.3037295891263971,1.420750857792282,14.985480112594592,1.4932861750096291,1.2469404343009998
Kurtosis,4.7045471053412555,5.4031786832103155,289.304071914713,5.608833724450955,5.189491792939281
Shape,1.0109293316185048,1.0233218139037716,1.4066415465781714,0.9933872832516475,0.9783412758606072
Location,-0.061184407483458846,-0.051819477859521366,-7742.847046487103,-0.05244766895380738,-0.055096894696870596
Scale,0.7485715738360876,0.7264328056666122,382673.03472251113,0.7710678336201638,0.7400368412503598
