,Open,Adj Close,Volume,High,Low
Mean,10.76807591841781,10.767344522739673,131349.38004271567,10.992485068179336,10.532435705776281
Variance,89.27676980192628,88.08954600670629,2071235293588.1982,84.77565028785295,83.55281146323253
Skewness,-0.026876180097980835,-0.08661979745627783,4.980718383421743,0.043645772827162845,-0.15698412543831455
Kurtosis,1.1467402304251157,1.458623730366865,49.17606488165214,1.3717091901545242,1.2551782501048452
Shape,0.360622367910128,0.34783331414046126,1.1887478781822602,0.34784326485073364,0.3359351197933863
Location,-8.460691696367748,-9.593530362847067,-27410.247547205992,-9.078252211570103,-9.394850960147254
Scale,19.876186654366702,20.792758672193685,531539.5259678962,20.508934779726463,20.615752174821296
