,Open,Adj Close,Volume,High,Low
Mean,10.115368914307664,9.994958151594615,105003.31048745566,10.208010952957444,10.009523630957004
Variance,15.089614363376432,14.57359535790314,499270870143.62836,14.16692626406912,14.663125061981699
Skewness,-0.16128120436657917,-0.14695076672249605,1.932030701032591,-0.09818053981974031,-0.3789948185393265
Kurtosis,1.0109454280035228,1.0448213770224744,8.707986471101549,1.4116055456330905,2.427050711220695
Shape,0.033590660074217696,0.02987854347323181,1.0398540823010358,0.04825678586093953,0.01594452237665474
Location,-100.34652990035718,-112.73694826925775,-30215.490913797603,-64.95651891938178,-218.6849591753652
Scale,110.50680964884883,122.76921126349448,382060.8250826156,75.14840328422257,228.75507967048375
