,Open,Adj Close,Volume,High,Low
Mean,106.71704724317192,106.62038840642863,415.0399134714068,107.1201528708362,106.2354460960699
Variance,549.8744875661108,539.5432313834651,660978683.9007188,530.6367558002855,520.1799811806684
Skewness,0.20423727027633257,0.13605206091696453,5.583041106071259,0.42685569449737093,0.01131171482557202
Kurtosis,0.8683773714256411,0.8699891477681763,38.86896692688235,1.2915478904492366,0.8042882121462087
Shape,0.04632514767976744,0.029838513940657996,3.1953103575922954,0.0928832004041267,0.0025285897095609733
Location,-398.8285731207476,-671.3950739867903,9.360268833624707,-139.55802621059462,-8913.560946754267
Scale,505.0032871401465,777.6691403500326,905.9701339655077,245.61498477781703,9019.767557634239
