,Open,Adj Close,Volume,High,Low
Mean,0.22430731928949246,0.22444579567044343,164.56793406248528,0.22594717709652834,0.22271504379168103
Variance,0.006282944595443522,0.00644766112872927,42273683.32716414,0.006153210971409788,0.005803133406157424
Skewness,0.3031841990963017,0.2653045074306893,6.778727644441217,0.4759891938168468,-0.062323050910013306
Kurtosis,1.8813138681920512,2.3089071448957394,59.073207973437675,2.386723139715696,1.3663866804366727
Shape,0.10554958341899222,0.10783830880196549,2.2187308217004187,0.13088800649544208,0.05969582540635374
Location,-0.49637297823796567,-0.4853129625179261,0.6285807158167653,-0.34376998977069395,-0.9862682450777399
Scale,0.7181371566077418,0.707240221091866,171.35520779267307,0.5664834588680342,1.2090952914398105
