,Open,Adj Close,Volume,High,Low
Mean,0.22779867044213195,0.22751847123513297,7444.746586443495,0.2352750812295383,0.22039476228183683
Variance,0.09218647409676924,0.09793624254660226,1921162748.2791882,0.10437254214685546,0.07884099091096598
Skewness,1.0114337377548568,1.1518665710866876,1.0183791485991496,1.8127314837510105,0.9019481503105893
Kurtosis,2.5861392528486276,4.157589221428813,3.0362196503594383,10.387738947698852,2.647901696360586
Shape,0.7722546602332103,0.75800435884961,0.90975241610993,0.7446635162285895,0.6970379820913976
Location,-0.02260274685112829,-0.032192074877984686,-3196.0413332718485,-0.03423418509549712,-0.03326309638448799
Scale,0.2380347921470711,0.24913258863427798,27688.75632369623,0.2573747522570839,0.2511255119804709
