,Open,Adj Close,Volume,High,Low
Mean,33.89806982420041,33.85503990385104,104031.80957724086,35.33632382027562,32.38233020299559
Variance,12341.821382405536,11937.413731927723,523580044959.8062,12595.047262598948,10383.113078493563
Skewness,1.310737756115737,1.269775140227982,5.690238550887262,1.5614908894597574,1.1672410554893022
Kurtosis,4.889014084504129,5.895082806566503,64.0047550243277,5.385071317555438,5.783708339097062
Shape,1.4707684462766317,1.4108953217963554,2.1059630443263258,1.5089073739475116,1.4774174465529828
Location,-0.7399902285329698,-1.073612739896524,-36.57159813844013,-0.6571727281166062,-0.6740901501015987
Scale,36.659362594167845,38.6497919908669,47469.786730754786,35.12835307342091,33.88926063804435
