,Open,Adj Close,Volume,High,Low
Mean,56.48342705088205,56.471229049579826,48.00319706803774,56.62325967897914,56.32934176418881
Variance,608.1086755120774,612.6215324694306,2262610.0592921604,611.3938171224358,611.2920127096467
Skewness,0.3091355183033903,0.33477553899058987,17.584620672179653,0.301174228496471,0.30437518588624807
Kurtosis,0.4711276505226132,0.44772048112353247,402.3995322130812,0.45178440866651304,0.44334642928306733
Shape,0.15360342729040227,0.15108658216846824,2.3786660187052404,0.16578636594301877,0.14532266400602326
Location,-98.65422161896562,-102.58484360569108,1.0167312880268484,-86.40431644242943,-108.49719896355288
Scale,153.8255489570668,157.68085592272575,46.903050674059685,141.71695334885024,163.5880554286731
