,Open,Adj Close,Volume,High,Low
Mean,1.3625813891538694,1.3605290063823048,147.4026165491092,1.3717317807850824,1.3519361261167258
Variance,0.4020081468283005,0.3978465999745456,99514146.14180753,0.40413717606262795,0.3714429757807164
Skewness,0.7323006208351842,0.7503278824834557,6.401728418136951,0.9077529444537591,0.408249487656831
Kurtosis,3.7042120596107333,3.170749191098909,63.27530674577879,3.6197212507081593,1.942253514103605
Shape,0.21417754268403513,0.2180369615067147,3.789383538775515,0.22084985826167297,0.16093096452284159
Location,-1.374989346810956,-1.3194274856544423,0.9699685121332347,-1.3080451417229788,-2.21089733771147
Scale,2.694418395981328,2.6376836123714056,665.3570855245538,2.633362961156958,3.5356859887798593
