,Open,Adj Close,Volume,High,Low
Mean,2.850033384779597,2.8522863587782767,3437.4764931854193,2.8822684571183963,2.816862806610713
Variance,3.237803286532742,3.224281685616069,11925492886.429953,3.140867405349022,3.077762444402124
Skewness,0.7070899560626347,0.7011612182855336,5.99990134982583,0.7738761429385971,0.6172358730805695
Kurtosis,0.9217884641045297,1.1692561123277443,88.06408846219827,1.2869893451787044,0.8803407136374544
Shape,0.3594299671203174,0.36521667744730496,1.4769241398911395,0.36561171883636995,0.33502535385627985
Location,-1.6693342677074432,-1.5783533372265086,-97.44691161924125,-1.471624952538375,-1.909699805212483
Scale,4.350954320754557,4.254924125884882,18518.565400896685,4.184382197401326,4.588437814698139
